-1,1,Fall 2019,30,LATT 210
-1,2,Fall 2019,0,WEGMN 1009
-1,3,Fall 2019,25,LATT 210
-1,4,Fall 2019,20,ET 12
1179,5,Fall 2019,15,STRNG LOWER
1179,6,Fall 2019,20,STRNG LOWER
1179,7,Fall 2019,5,SPURR DANCE
255,8,Fall 2019,20,LATT 441
1186,9,Fall 2019,20,SPURR DANCE
-1,10,Fall 2019,15,LATT 540
-1,11,Fall 2019,0,RRLIB 456
-1,12,Fall 2019,25,WILMT 116
1179,13,Fall 2019,25,SPURR DANCE
-1,14,Fall 2019,20,MEL 205
979,15,Fall 2019,0,MOREY 314
-1,16,Fall 2019,0,NULL NULL
-1,17,Fall 2019,0,NULL NULL
-1,18,Fall 2019,0,NULL NULL
413,19,Fall 2019,0,MOREY 525
401,20,Fall 2019,4,SAGE BLDG
327,21,Fall 2019,80,MOREY 321
-1,22,Fall 2019,40,MOREY 525
418,23,Fall 2019,30,B&L 270
-1,24,Fall 2019,0,GAVET 310
404,25,Fall 2019,15,MOREY 524
410,26,Fall 2019,30,MOREY 502
417,27,Fall 2019,20,MOREY 502
-1,28,Fall 2019,0,GEM CURT
422,29,Fall 2019,20,MOREY 205
417,30,Fall 2019,15,MOREY 524
425,31,Fall 2019,30,MOREY 504
-1,32,Fall 2019,15,MOREY 524
410,33,Fall 2019,18,MOREY 524
418,34,Fall 2019,0,MOREY 524
425,35,Fall 2019,30,MOREY 504
404,36,Fall 2019,30,MOREY 502
-1,37,Fall 2019,0,NULL NULL
-1,38,Fall 2019,0,NULL NULL
424,39,Fall 2019,0,NULL NULL
422,40,Fall 2019,0,NULL NULL
413,41,Fall 2019,0,MOREY 524
410,42,Fall 2019,30,MOREY 502
-1,43,Fall 2019,10,GEH NULL
417,44,Fall 2019,20,MOREY 502
-1,45,Fall 2019,10,GEH NULL
422,46,Fall 2019,20,MOREY 205
-1,47,Fall 2019,0,NULL NULL
-1,48,Fall 2019,0,NULL NULL
417,49,Fall 2019,15,MOREY 524
425,50,Fall 2019,30,MOREY 504
-1,51,Fall 2019,15,MOREY 524
410,52,Fall 2019,18,MOREY 524
412,53,Fall 2019,12,MOREY 524
418,54,Fall 2019,0,MOREY 524
425,55,Fall 2019,30,MOREY 504
270,56,Fall 2019,15,MOREY 524
404,57,Fall 2019,30,MOREY 502
-1,58,Fall 2019,0,NULL NULL
-1,59,Fall 2019,0,NULL NULL
-1,60,Fall 2019,0,NULL NULL
-1,61,Fall 2019,0,NULL NULL
-1,62,Fall 2019,0,NULL NULL
413,63,Fall 2019,0,MOREY 524
-1,64,Fall 2019,0,NULL NULL
-1,65,Fall 2019,0,NULL NULL
-1,66,Fall 2019,0,NULL NULL
-1,67,Fall 2019,0,NULL NULL
-1,68,Fall 2019,0,NULL NULL
-1,69,Fall 2019,0,NULL NULL
-1,70,Fall 2019,0,NULL NULL
-1,71,Fall 2019,0,NULL NULL
-1,72,Fall 2019,0,NULL NULL
-1,73,Fall 2019,0,NULL NULL
261,74,Fall 2019,60,GAVET 202
-1,75,Fall 2019,40,GAVET 301
-1,76,Fall 2019,30,DEWEY 2110D
-1,77,Fall 2019,50,MEL 221
561,78,Fall 2019,50,GRGEN 109
260,79,Fall 2019,25,B&L 269
257,80,Fall 2019,25,LATT 441
261,81,Fall 2019,25,LCHAS 141
256,82,Fall 2019,25,LCHAS 103
257,83,Fall 2019,25,LATT 441
255,84,Fall 2019,20,LATT 441
262,85,Fall 2019,25,HYLAN 105
262,86,Fall 2019,0,MOREY 502
256,87,Fall 2019,12,LATT 441
404,88,Fall 2019,30,MOREY 502
-1,89,Fall 2019,0,NULL NULL
261,90,Fall 2019,0,NULL NULL
-1,91,Fall 2019,0,NULL NULL
-1,92,Fall 2019,0,NULL NULL
-1,93,Fall 2019,0,NULL NULL
256,94,Fall 2019,0,NULL NULL
-1,95,Fall 2019,0,NULL NULL
-1,96,Fall 2019,0,NULL NULL
257,97,Fall 2019,25,LATT 441
256,98,Fall 2019,25,LCHAS 103
262,99,Fall 2019,25,HYLAN 105
-1,100,Fall 2019,0,NULL NULL
-1,101,Fall 2019,0,NULL NULL
-1,102,Fall 2019,0,NULL NULL
256,103,Fall 2019,12,LATT 441
-1,104,Fall 2019,0,NULL NULL
-1,105,Fall 2019,0,NULL NULL
-1,106,Fall 2019,0,NULL NULL
-1,107,Fall 2019,0,NULL NULL
-1,108,Fall 2019,0,NULL NULL
-1,109,Fall 2019,0,NULL NULL
-1,110,Fall 2019,0,NULL NULL
-1,111,Fall 2019,0,NULL NULL
-1,112,Fall 2019,0,NULL NULL
-1,113,Fall 2019,0,NULL NULL
-1,114,Fall 2019,0,NULL NULL
-1,115,Fall 2019,0,NULL NULL
-1,116,Fall 2019,0,MOREY 501
-1,117,Fall 2019,0,DOUG 302
-1,118,Fall 2019,20,B&L 270
-1,119,Fall 2019,20,RRLIB 428
-1,120,Fall 2019,0,DOUG 420
-1,121,Fall 2019,0,NULL NULL
-1,122,Fall 2019,15,LATT 110
-1,123,Fall 2019,15,LCHAS 148
-1,124,Fall 2019,15,LATT 110
-1,125,Fall 2019,15,LCHAS 148
-1,126,Fall 2019,15,LATT 110
-1,127,Fall 2019,15,LATT 110
-1,128,Fall 2019,15,LATT 110
-1,129,Fall 2019,15,LCHAS 148
-1,130,Fall 2019,15,LATT 110
-1,131,Fall 2019,15,LCHAS 161
-1,132,Fall 2019,15,LATT 110
-1,133,Fall 2019,15,LCHAS 141
-1,134,Fall 2019,15,LCHAS 148
-1,135,Fall 2019,15,LATT 110
-1,136,Fall 2019,15,LATT 110
-1,137,Fall 2019,15,TODD 202
-1,138,Fall 2019,15,LCHAS 148
-1,139,Fall 2019,15,LATT 110
-1,140,Fall 2019,15,LCHAS 160
-1,141,Fall 2019,15,LATT 110
836,142,Fall 2019,0,STRNG LOWER
-1,143,Fall 2019,16,LATT 110
-1,144,Fall 2019,0,NULL NULL
-1,145,Fall 2019,0,NULL NULL
-1,146,Fall 2019,0,NULL NULL
1531,147,Fall 2019,85,CSB 209
-1,148,Fall 2019,30,GAVET 305
-1,149,Fall 2019,30,GAVET 305
-1,150,Fall 2019,16,CSB 628
-1,151,Fall 2019,16,CSB 628
-1,152,Fall 2019,0,CSB 628
-1,153,Fall 2019,0,CSB 628
1336,154,Fall 2019,0,CSB 601
1531,155,Fall 2019,25,CSB 523
-1,156,Fall 2019,0,HOPE 202
-1,157,Fall 2019,0,HOPE 202
-1,158,Fall 2019,0,CSB 601
-1,159,Fall 2019,0,NULL NULL
-1,160,Fall 2019,16,CSB 628
-1,161,Fall 2019,16,CSB 628
-1,162,Fall 2019,40,CSB 628
1336,163,Fall 2019,0,CSB 601
1577,164,Fall 2019,90,B&L 109
1577,165,Fall 2019,0,DEWEY 2110E
1596,166,Fall 2019,0,B&L 270
1731,167,Fall 2019,25,B&L 203H
-1,168,Fall 2019,0,NULL NULL
-1,169,Fall 2019,0,NULL NULL
1596,170,Fall 2019,0,LCHAS 182
-1,171,Fall 2019,0,NULL NULL
-1,172,Fall 2019,0,NULL NULL
-1,173,Fall 2019,0,NULL NULL
-1,174,Fall 2019,0,NULL NULL
-1,175,Fall 2019,0,NULL NULL
-1,176,Fall 2019,0,NULL NULL
-1,177,Fall 2019,0,NULL NULL
-1,178,Fall 2019,0,LCHAS 163
770,179,Fall 2019,0,HUTCH 141
836,180,Fall 2019,0,HUTCH 141
824,181,Fall 2019,0,DEWEY 1101
836,182,Fall 2019,0,STRNG LOWER
-1,183,Fall 2019,15,HYLAN 303
836,184,Fall 2019,18,MEL 219
820,185,Fall 2019,20,MEL 269
1614,186,Fall 2019,15,MEL 301B
1368,187,Fall 2019,0,DEWEY 2110E
1343,188,Fall 2019,40,WEGMN 1400
1347,189,Fall 2019,43,GAVET 312
770,190,Fall 2019,0,STRNG LOWER
799,191,Fall 2019,15,MEL 111
799,192,Fall 2019,15,MEL 111
799,193,Fall 2019,15,MEL 111
799,194,Fall 2019,15,MEL 111
799,195,Fall 2019,15,MEL 111
755,196,Fall 2019,25,HARK 210
-1,197,Fall 2019,125,MEL 203
799,198,Fall 2019,35,LCHAS 141
798,199,Fall 2019,0,GAVET 202
825,200,Fall 2019,20,MEL 269
825,201,Fall 2019,20,GRGEN 110
-1,202,Fall 2019,0,NULL NULL
-1,203,Fall 2019,0,NULL NULL
-1,204,Fall 2019,0,NULL NULL
1347,205,Fall 2019,43,GAVET 312
1230,206,Fall 2019,15,MEL 474
-1,207,Fall 2019,0,NULL NULL
811,208,Fall 2019,0,NULL NULL
824,209,Fall 2019,0,NULL NULL
1368,210,Fall 2019,15,MEL 269
-1,211,Fall 2019,125,MEL 203
799,212,Fall 2019,35,LCHAS 141
-1,213,Fall 2019,0,NULL NULL
-1,214,Fall 2019,0,NULL NULL
-1,215,Fall 2019,0,NULL NULL
-1,216,Fall 2019,0,NULL NULL
-1,217,Fall 2019,0,NULL NULL
-1,218,Fall 2019,0,NULL NULL
-1,219,Fall 2019,0,NULL NULL
-1,220,Fall 2019,0,NULL NULL
-1,221,Fall 2019,0,NULL NULL
-1,222,Fall 2019,0,NULL NULL
-1,223,Fall 2019,0,NULL NULL
-1,224,Fall 2019,0,NULL NULL
433,225,Fall 2019,25,HUTCH 138
458,226,Fall 2019,20,HUTCH 222
503,227,Fall 2019,30,GAVET 301
444,228,Fall 2019,370,HUTCH 141
451,229,Fall 2019,90,MOREY 321
462,230,Fall 2019,110,B&L 109
439,231,Fall 2019,100,WEGMN 1400
530,232,Fall 2019,0,HOYT AUD
444,233,Fall 2019,18,HUTCH 217
444,234,Fall 2019,18,HUTCH 220
444,235,Fall 2019,18,HUTCH 217
444,236,Fall 2019,18,HUTCH 217
444,237,Fall 2019,18,HUTCH 220
444,238,Fall 2019,18,HUTCH 217
444,239,Fall 2019,18,HUTCH 217
444,240,Fall 2019,18,HUTCH 220
444,241,Fall 2019,18,HUTCH 220
444,242,Fall 2019,18,HUTCH 217
444,243,Fall 2019,18,HUTCH 217
444,244,Fall 2019,18,HUTCH 220
444,245,Fall 2019,18,HUTCH 217
444,246,Fall 2019,18,HUTCH 220
444,247,Fall 2019,18,HUTCH 220
444,248,Fall 2019,18,HUTCH 220
528,249,Fall 2019,100,HUTCH 140
528,250,Fall 2019,10,NULL NULL
472,251,Fall 2019,160,DEWEY 1101
472,252,Fall 2019,20,HUTCH 225
472,253,Fall 2019,20,HUTCH 225
472,254,Fall 2019,20,HUTCH 225
472,255,Fall 2019,8,NULL NULL
437,256,Fall 2019,48,HYLAN 202
437,257,Fall 2019,8,HUTCH 339
515,258,Fall 2019,50,GRGEN 109
515,259,Fall 2019,50,NULL NULL
1524,260,Fall 2019,15,HUTCH 316
1524,261,Fall 2019,6,NULL NULL
463,262,Fall 2019,60,DEWEY 2162
463,263,Fall 2019,10,NULL NULL
503,264,Fall 2019,20,HUTCH 222
503,265,Fall 2019,20,NULL NULL
-1,266,Fall 2019,0,B&L 106
-1,267,Fall 2019,10,NULL NULL
489,268,Fall 2019,45,GAVET 208
489,269,Fall 2019,8,NULL NULL
443,270,Fall 2019,20,LCHAS 141
443,271,Fall 2019,8,NULL NULL
549,272,Fall 2019,40,DEWEY 2110E
549,273,Fall 2019,10,NULL NULL
549,274,Fall 2019,6,NULL NULL
-1,275,Fall 2019,15,DEWEY 4162
-1,276,Fall 2019,15,DEWEY 4162
433,277,Fall 2019,19,HUTCH 316
-1,278,Fall 2019,0,NULL NULL
-1,279,Fall 2019,0,NULL NULL
-1,280,Fall 2019,0,NULL NULL
-1,281,Fall 2019,0,NULL NULL
-1,282,Fall 2019,0,NULL NULL
-1,283,Fall 2019,12,LCHAS 285
528,284,Fall 2019,100,HUTCH 140
437,285,Fall 2019,48,HYLAN 202
1524,286,Fall 2019,15,HUTCH 316
463,287,Fall 2019,60,DEWEY 2162
-1,288,Fall 2019,25,B&L 106
489,289,Fall 2019,45,GAVET 208
443,290,Fall 2019,20,LCHAS 141
549,291,Fall 2019,40,DEWEY 2110E
453,292,Fall 2019,0,HUTCH 316
515,293,Fall 2019,0,NULL NULL
-1,294,Fall 2019,0,NULL NULL
-1,295,Fall 2019,0,NULL NULL
436,296,Fall 2019,0,HUTCH 316
453,297,Fall 2019,0,HUTCH 316
548,298,Fall 2019,0,HUTCH 316
503,299,Fall 2019,25,HUTCH 316
-1,300,Fall 2019,0,NULL NULL
-1,301,Fall 2019,0,NULL NULL
-1,302,Fall 2019,0,NULL NULL
-1,303,Fall 2019,0,NULL NULL
-1,304,Fall 2019,0,NULL NULL
-1,305,Fall 2019,0,NULL NULL
-1,306,Fall 2019,0,NULL NULL
-1,307,Fall 2019,0,NULL NULL
-1,308,Fall 2019,0,NULL NULL
-1,309,Fall 2019,0,NULL NULL
-1,310,Fall 2019,0,NULL NULL
-1,311,Fall 2019,0,NULL NULL
-1,312,Fall 2019,0,NULL NULL
-1,313,Fall 2019,0,NULL NULL
-1,314,Fall 2019,0,NULL NULL
-1,315,Fall 2019,0,NULL NULL
-1,316,Fall 2019,140,GRGEN 101
645,317,Fall 2019,0,GRGEN 101
675,318,Fall 2019,102,LATT 201
601,319,Fall 2019,25,HYLAN 203
770,320,Fall 2019,30,MOREY 205
641,321,Fall 2019,80,MEL 221
-1,322,Fall 2019,30,B&L 269
605,323,Fall 2019,0,MEL 224
934,324,Fall 2019,30,MEL 224
677,325,Fall 2019,80,GRGEN 101
607,326,Fall 2019,45,GAVET 310
600,327,Fall 2019,35,GRGEN 109
677,328,Fall 2019,76,GRGEN 101
-1,329,Fall 2019,0,NULL NULL
-1,330,Fall 2019,0,NULL NULL
-1,331,Fall 2019,0,NULL NULL
-1,332,Fall 2019,0,NULL NULL
928,333,Fall 2019,20,GRGEN 239
613,334,Fall 2019,40,HYLAN 101
601,335,Fall 2019,25,HYLAN 203
684,336,Fall 2019,30,HYLAN 102
770,337,Fall 2019,30,MOREY 205
587,338,Fall 2019,30,SAUND 1412
928,339,Fall 2019,30,HYLAN 102
659,340,Fall 2019,45,CSB 601
-1,341,Fall 2019,30,B&L 269
605,342,Fall 2019,0,MEL 224
677,343,Fall 2019,80,GRGEN 101
607,344,Fall 2019,45,GAVET 310
600,345,Fall 2019,35,GRGEN 109
844,346,Fall 2019,24,HYLAN 105
-1,347,Fall 2019,0,NULL NULL
633,348,Fall 2019,20,TODD 202
-1,349,Fall 2019,0,NULL NULL
-1,350,Fall 2019,0,NULL NULL
609,351,Fall 2019,0,GRGEN 101
632,352,Fall 2019,20,GRGEN 110
888,353,Fall 2019,20,LCHAS 160
-1,354,Fall 2019,0,NULL NULL
-1,355,Fall 2019,20,MEL 218
-1,356,Fall 2019,0,NULL NULL
-1,357,Fall 2019,0,NULL NULL
-1,358,Fall 2019,0,NULL NULL
-1,359,Fall 2019,0,NULL NULL
-1,360,Fall 2019,0,NULL NULL
-1,361,Fall 2019,0,NULL NULL
-1,362,Fall 2019,0,NULL NULL
-1,363,Fall 2019,0,NULL NULL
-1,364,Fall 2019,0,NULL NULL
-1,365,Fall 2019,0,NULL NULL
-1,366,Fall 2019,0,NULL NULL
-1,367,Fall 2019,0,NULL NULL
-1,368,Fall 2019,14,LATT 413
-1,369,Fall 2019,15,RRLIB G108A
-1,370,Fall 2019,15,RRLIB G108A
-1,371,Fall 2019,15,RRLIB G108A
-1,372,Fall 2019,15,RRLIB G108A
-1,373,Fall 2019,15,RRLIB G108A
-1,374,Fall 2019,0,MOREY 502
-1,375,Fall 2019,25,LCHAS 104
-1,376,Fall 2019,20,GRGEN 110
-1,377,Fall 2019,20,MEL 224
-1,378,Fall 2019,20,B&L 270
-1,379,Fall 2019,0,DOUG 403
-1,380,Fall 2019,0,DOUG 403
-1,381,Fall 2019,0,NULL NULL
-1,382,Fall 2019,0,GEN 308
-1,383,Fall 2019,15,DOUG 403
-1,384,Fall 2019,15,LATT 431
-1,385,Fall 2019,19,DOUG 420
-1,386,Fall 2019,20,MOREY 504
-1,387,Fall 2019,20,GRGEN 110
-1,388,Fall 2019,20,GEN 308
-1,389,Fall 2019,20,B&L 315
-1,390,Fall 2019,19,RRLIB G108A
-1,391,Fall 2019,14,GEN 323
-1,392,Fall 2019,16,RETT 201
1482,393,Fall 2019,45,DEWEY 2110D
-1,394,Fall 2019,15,GRGEN 110
-1,395,Fall 2019,30,GEN 309
-1,396,Fall 2019,30,GEN 309
-1,397,Fall 2019,20,NULL NULL
-1,398,Fall 2019,0,FRIEL LNGE
-1,399,Fall 2019,0,GEN 309
-1,400,Fall 2019,30,NULL NULL
-1,401,Fall 2019,30,HUTCH 473
-1,402,Fall 2019,30,HUTCH 473
-1,403,Fall 2019,30,NULL NULL
-1,404,Fall 2019,30,NULL NULL
-1,405,Fall 2019,30,NULL NULL
-1,406,Fall 2019,30,NULL NULL
-1,407,Fall 2019,30,NULL NULL
-1,408,Fall 2019,30,NULL NULL
-1,409,Fall 2019,30,DEWEY 1160A
-1,410,Fall 2019,30,NULL NULL
-1,411,Fall 2019,30,NULL NULL
-1,412,Fall 2019,30,B&L 270
-1,413,Fall 2019,30,GAVET 301
-1,414,Fall 2019,30,MOREY 501
-1,415,Fall 2019,30,NULL NULL
-1,416,Fall 2019,30,NULL NULL
-1,417,Fall 2019,30,NULL NULL
-1,418,Fall 2019,30,NULL NULL
-1,419,Fall 2019,30,NULL NULL
-1,420,Fall 2019,30,NULL NULL
-1,421,Fall 2019,30,NULL NULL
-1,422,Fall 2019,30,NULL NULL
-1,423,Fall 2019,30,NULL NULL
-1,424,Fall 2019,30,NULL NULL
-1,425,Fall 2019,30,NULL NULL
-1,426,Fall 2019,30,NULL NULL
-1,427,Fall 2019,30,NULL NULL
-1,428,Fall 2019,30,HUTCH 473
-1,429,Fall 2019,30,NULL NULL
-1,430,Fall 2019,30,DEWEY 1160A
-1,431,Fall 2019,30,GAVET 301
-1,432,Fall 2019,30,MOREY 501
-1,433,Fall 2019,30,NULL NULL
-1,434,Fall 2019,30,HUTCH 473
-1,435,Fall 2019,30,NULL NULL
-1,436,Fall 2019,30,NULL NULL
-1,437,Fall 2019,30,NULL NULL
-1,438,Fall 2019,30,NULL NULL
-1,439,Fall 2019,30,NULL NULL
-1,440,Fall 2019,30,NULL NULL
-1,441,Fall 2019,30,NULL NULL
-1,442,Fall 2019,30,GAVET 301
-1,443,Fall 2019,30,MOREY 501
-1,444,Fall 2019,30,NULL NULL
-1,445,Fall 2019,30,HUTCH 473
-1,446,Fall 2019,30,NULL NULL
-1,447,Fall 2019,30,NULL NULL
-1,448,Fall 2019,30,NULL NULL
-1,449,Fall 2019,30,NULL NULL
-1,450,Fall 2019,30,NULL NULL
-1,451,Fall 2019,30,NULL NULL
-1,452,Fall 2019,30,NULL NULL
-1,453,Fall 2019,30,HUTCH 473
-1,454,Fall 2019,30,NULL NULL
-1,455,Fall 2019,30,NULL NULL
-1,456,Fall 2019,30,NULL NULL
-1,457,Fall 2019,30,NULL NULL
-1,458,Fall 2019,30,NULL NULL
-1,459,Fall 2019,30,DEWEY 1160A
-1,460,Fall 2019,30,NULL NULL
-1,461,Fall 2019,30,NULL NULL
-1,462,Fall 2019,0,NULL NULL
-1,463,Fall 2019,30,NULL NULL
-1,464,Fall 2019,30,NULL NULL
-1,465,Fall 2019,30,GAVET 301
-1,466,Fall 2019,30,NULL NULL
-1,467,Fall 2019,30,NULL NULL
-1,468,Fall 2019,30,NULL NULL
-1,469,Fall 2019,30,HUTCH 473
-1,470,Fall 2019,30,HUTCH 473
-1,471,Fall 2019,30,NULL NULL
-1,472,Fall 2019,30,NULL NULL
-1,473,Fall 2019,30,NULL NULL
-1,474,Fall 2019,30,NULL NULL
-1,475,Fall 2019,30,NULL NULL
-1,476,Fall 2019,30,NULL NULL
-1,477,Fall 2019,30,NULL NULL
-1,478,Fall 2019,30,DEWEY 1160A
-1,479,Fall 2019,30,NULL NULL
-1,480,Fall 2019,30,MOREY 501
-1,481,Fall 2019,30,NULL NULL
-1,482,Fall 2019,30,NULL NULL
-1,483,Fall 2019,0,NULL NULL
-1,484,Fall 2019,0,GEN 309
-1,485,Fall 2019,40,HARK 210
-1,486,Fall 2019,10,DOUG 419
-1,487,Fall 2019,0,NULL NULL
-1,488,Fall 2019,0,NULL NULL
-1,489,Fall 2019,0,NULL NULL
-1,490,Fall 2019,0,NULL NULL
-1,491,Fall 2019,0,NULL NULL
-1,492,Fall 2019,0,NULL NULL
-1,493,Fall 2019,0,MED CNTR
-1,494,Fall 2019,18,RRLIB 442
-1,495,Fall 2019,7,RRLIB 442
-1,496,Fall 2019,10,RRLIB 428D
-1,497,Fall 2019,0,NULL NULL
-1,498,Fall 2019,0,NULL NULL
-1,499,Fall 2019,0,NULL NULL
690,500,Fall 2019,100,DEWEY 2162
946,501,Fall 2019,75,MOREY 321
-1,502,Fall 2019,125,WEGMN 1400
929,503,Fall 2019,90,GRGEN 101
939,504,Fall 2019,60,GAVET 202
-1,505,Fall 2019,35,B&L 270
934,506,Fall 2019,30,MEL 224
-1,507,Fall 2019,45,GAVET 312
690,508,Fall 2019,30,GAVET 310
607,509,Fall 2019,45,GAVET 310
930,510,Fall 2019,60,GRGEN 108
952,511,Fall 2019,30,HYLAN 105
-1,512,Fall 2019,35,MEL 205
1140,513,Fall 2019,13,WEGMN 1005
956,514,Fall 2019,35,B&L 270
-1,515,Fall 2019,0,NULL NULL
-1,516,Fall 2019,0,NULL NULL
-1,517,Fall 2019,0,NULL NULL
-1,518,Fall 2019,0,NULL NULL
842,519,Fall 2019,62,DEWEY 2162
1283,520,Fall 2019,65,GRGEN 108
684,521,Fall 2019,30,HYLAN 102
-1,522,Fall 2019,125,WEGMN 1400
934,523,Fall 2019,40,GAVET 310
929,524,Fall 2019,90,GRGEN 101
-1,525,Fall 2019,0,HYLAN 102
-1,526,Fall 2019,35,B&L 270
-1,527,Fall 2019,45,GAVET 312
690,528,Fall 2019,30,GAVET 310
607,529,Fall 2019,45,GAVET 310
952,530,Fall 2019,30,HYLAN 105
-1,531,Fall 2019,35,MEL 205
1140,532,Fall 2019,13,WEGMN 1005
956,533,Fall 2019,35,B&L 270
-1,534,Fall 2019,0,NULL NULL
-1,535,Fall 2019,0,NULL NULL
-1,536,Fall 2019,0,NULL NULL
-1,537,Fall 2019,0,NULL NULL
-1,538,Fall 2019,0,GRGEN 101
-1,539,Fall 2019,0,NULL NULL
-1,540,Fall 2019,0,NULL NULL
-1,541,Fall 2019,0,NULL NULL
-1,542,Fall 2019,0,NULL NULL
-1,543,Fall 2019,0,NULL NULL
-1,544,Fall 2019,0,NULL NULL
-1,545,Fall 2019,0,NULL NULL
-1,546,Fall 2019,0,NULL NULL
-1,547,Fall 2019,0,NULL NULL
-1,548,Fall 2019,0,NULL NULL
-1,549,Fall 2019,0,NULL NULL
-1,550,Fall 2019,0,NULL NULL
-1,551,Fall 2019,0,NULL NULL
-1,552,Fall 2019,0,NULL NULL
-1,553,Fall 2019,0,NULL NULL
-1,554,Fall 2019,0,NULL NULL
1013,555,Fall 2019,15,MEL 206
993,556,Fall 2019,15,LCHAS 181
1009,557,Fall 2019,15,DOUG 420
1009,558,Fall 2019,15,DOUG 420
1009,559,Fall 2019,15,LATT 401
993,560,Fall 2019,15,LCHAS 181
1009,561,Fall 2019,15,DOUG 420
993,562,Fall 2019,15,GRGEN 110
993,563,Fall 2019,15,LCHAS 122
1013,564,Fall 2019,19,LATT 401
1009,565,Fall 2019,15,LCHAS 182
1013,566,Fall 2019,0,DOUG 302
-1,567,Fall 2019,20,MEL 209
-1,568,Fall 2019,0,NULL NULL
-1,569,Fall 2019,0,NULL NULL
-1,570,Fall 2019,290,HUTCH 141
-1,571,Fall 2019,290,HUTCH 141
1744,572,Fall 2019,190,HUTCH 141
1056,573,Fall 2019,70,CSB 209
1157,574,Fall 2019,60,CSB 209
1112,575,Fall 2019,210,HUTCH 141
1112,576,Fall 2019,210,HUTCH 141
1157,577,Fall 2019,0,DEWEY 2162
1157,578,Fall 2019,0,HUTCH 141
1111,579,Fall 2019,60,HUTCH 473
1101,580,Fall 2019,28,GAVET 301
1595,581,Fall 2019,90,DEWEY 2162
-1,582,Fall 2019,0,NULL NULL
-1,583,Fall 2019,0,NULL NULL
-1,584,Fall 2019,0,NULL NULL
-1,585,Fall 2019,0,NULL NULL
1056,586,Fall 2019,15,HYLAN 305
1111,587,Fall 2019,60,HUTCH 473
1029,588,Fall 2019,0,HYLAN 101
1077,589,Fall 2019,0,HYLAN 305
1077,590,Fall 2019,0,HYLAN 305
1056,591,Fall 2019,20,MEL 224
1117,592,Fall 2019,20,GRGEN 110
1595,593,Fall 2019,90,DEWEY 2162
1756,594,Fall 2019,25,HYLAN 203
1073,595,Fall 2019,22,HYLAN 305
1073,596,Fall 2019,22,HYLAN 305
952,597,Fall 2019,30,HYLAN 105
1140,598,Fall 2019,13,WEGMN 1005
-1,599,Fall 2019,0,NULL NULL
-1,600,Fall 2019,0,NULL NULL
-1,601,Fall 2019,0,NULL NULL
1268,602,Fall 2019,0,HUTCH 473
1112,603,Fall 2019,0,HUTCH 473
1112,604,Fall 2019,0,HUTCH 140
1112,605,Fall 2019,0,HUTCH 140
1077,606,Fall 2019,0,HUTCH 102
-1,607,Fall 2019,0,NULL NULL
-1,608,Fall 2019,0,HUTCH 473
-1,609,Fall 2019,0,NULL NULL
-1,610,Fall 2019,0,NULL NULL
-1,611,Fall 2019,0,NULL NULL
-1,612,Fall 2019,0,NULL NULL
-1,613,Fall 2019,0,NULL NULL
-1,614,Fall 2019,0,NULL NULL
-1,615,Fall 2019,0,NULL NULL
-1,616,Fall 2019,0,NULL NULL
-1,617,Fall 2019,0,NULL NULL
-1,618,Fall 2019,0,NULL NULL
-1,619,Fall 2019,0,NULL NULL
-1,620,Fall 2019,30,B&L 270
-1,621,Fall 2019,35,MEL 205
347,622,Fall 2019,0,LCHAS 163
-1,623,Fall 2019,14,LCHAS 182
-1,624,Fall 2019,30,MOREY 502
-1,625,Fall 2019,0,RRLIB 442
-1,626,Fall 2019,14,RRLIB 428D
-1,627,Fall 2019,0,NULL NULL
-1,628,Fall 2019,0,NULL NULL
-1,629,Fall 2019,0,NULL NULL
-1,630,Fall 2019,0,GAVET 310
985,631,Fall 2019,19,LATT 401
-1,632,Fall 2019,15,MEL 219
-1,633,Fall 2019,0,LCHAS 103
966,634,Fall 2019,0,MOREY 504
425,635,Fall 2019,30,MOREY 504
425,636,Fall 2019,30,MOREY 504
961,637,Fall 2019,15,DEWEY 4162
961,638,Fall 2019,15,LATT 431
-1,639,Fall 2019,0,LATT 431
1013,640,Fall 2019,19,LATT 401
982,641,Fall 2019,16,B&L 315
972,642,Fall 2019,12,LCHAS 184
1003,643,Fall 2019,15,B&L 315
1003,644,Fall 2019,15,B&L 315
-1,645,Fall 2019,0,DEWEY 4162
-1,646,Fall 2019,19,LATT 401
977,647,Fall 2019,25,MOREY 205
-1,648,Fall 2019,0,GAVET 310
-1,649,Fall 2019,0,LCHAS 143
1013,650,Fall 2019,0,DOUG 302
977,651,Fall 2019,25,MEL 218
350,652,Fall 2019,13,RRLIB PLUTZ
971,653,Fall 2019,16,LATT 401
-1,654,Fall 2019,0,NULL NULL
-1,655,Fall 2019,0,NULL NULL
425,656,Fall 2019,30,MOREY 504
425,657,Fall 2019,30,MOREY 504
961,658,Fall 2019,15,DEWEY 4162
961,659,Fall 2019,15,LATT 431
972,660,Fall 2019,12,LCHAS 184
-1,661,Fall 2019,19,LATT 401
270,662,Fall 2019,15,MOREY 524
350,663,Fall 2019,13,RRLIB PLUTZ
971,664,Fall 2019,16,LATT 401
-1,665,Fall 2019,0,NULL NULL
-1,666,Fall 2019,0,NULL NULL
-1,667,Fall 2019,0,DOUG 307
-1,668,Fall 2019,0,NULL NULL
-1,669,Fall 2019,0,NULL NULL
-1,670,Fall 2019,0,NULL NULL
-1,671,Fall 2019,0,NULL NULL
-1,672,Fall 2019,0,NULL NULL
-1,673,Fall 2019,0,NULL NULL
-1,674,Fall 2019,0,NULL NULL
-1,675,Fall 2019,0,NULL NULL
-1,676,Fall 2019,0,NULL NULL
-1,677,Fall 2019,0,NULL NULL
-1,678,Fall 2019,50,GRGEN 109
1408,679,Fall 2019,45,GAVET 208
1752,680,Fall 2019,10,WEGMN 1400
1381,681,Fall 2019,135,GRGEN 101
-1,682,Fall 2019,0,HOYT AUD
1481,683,Fall 2019,5,HOYT AUD
1343,684,Fall 2019,0,WEGMN 1400
1381,685,Fall 2019,45,GAVET 208
1402,686,Fall 2019,25,MEL 205
-1,687,Fall 2019,125,DEWEY 1101
-1,688,Fall 2019,75,GAVET 202
1368,689,Fall 2019,0,DEWEY 2110E
1400,690,Fall 2019,55,GRGEN 101
1343,691,Fall 2019,40,WEGMN 1400
1422,692,Fall 2019,30,HYLAN 102
1347,693,Fall 2019,43,GAVET 312
1367,694,Fall 2019,28,CSB 523
1406,695,Fall 2019,155,WEGMN 1400
1332,696,Fall 2019,40,HYLAN 101
1423,697,Fall 2019,120,WEGMN 1400
1328,698,Fall 2019,36,LCHAS 141
-1,699,Fall 2019,40,DEWEY 2110D
1481,700,Fall 2019,32,HARK 115
700,701,Fall 2019,125,WEGMN 1400
1336,702,Fall 2019,0,CSB 601
1399,703,Fall 2019,25,HYLAN 105
1399,704,Fall 2019,25,HYLAN 101
1402,705,Fall 2019,25,MEL 205
-1,706,Fall 2019,25,B&L 269
1434,707,Fall 2019,105,WEGMN 1400
-1,708,Fall 2019,25,B&L 315
1309,709,Fall 2019,0,DEWEY 2110D
1399,710,Fall 2019,25,B&L 270
-1,711,Fall 2019,0,NULL NULL
-1,712,Fall 2019,0,NULL NULL
-1,713,Fall 2019,0,NULL NULL
-1,714,Fall 2019,0,NULL NULL
-1,715,Fall 2019,0,NULL NULL
-1,716,Fall 2019,0,NULL NULL
-1,717,Fall 2019,0,NULL NULL
-1,718,Fall 2019,0,NULL NULL
1402,719,Fall 2019,25,MEL 218
1400,720,Fall 2019,37,GRGEN 101
-1,721,Fall 2019,75,MEL 203
1422,722,Fall 2019,30,HYLAN 102
1347,723,Fall 2019,43,GAVET 312
1367,724,Fall 2019,28,CSB 523
1406,725,Fall 2019,155,WEGMN 1400
1332,726,Fall 2019,40,HYLAN 101
1423,727,Fall 2019,120,WEGMN 1400
1328,728,Fall 2019,36,LCHAS 141
-1,729,Fall 2019,40,DEWEY 2110D
1481,730,Fall 2019,15,HARK 115
-1,731,Fall 2019,15,HYLAN 202
1336,732,Fall 2019,0,CSB 601
-1,733,Fall 2019,25,B&L 269
1434,734,Fall 2019,40,WEGMN 1400
-1,735,Fall 2019,25,B&L 315
-1,736,Fall 2019,0,NULL NULL
-1,737,Fall 2019,0,NULL NULL
-1,738,Fall 2019,0,NULL NULL
-1,739,Fall 2019,0,NULL NULL
-1,740,Fall 2019,0,NULL NULL
1368,741,Fall 2019,15,MEL 269
1456,742,Fall 2019,25,B&L 315
-1,743,Fall 2019,0,NULL NULL
-1,744,Fall 2019,0,NULL NULL
-1,745,Fall 2019,0,NULL NULL
-1,746,Fall 2019,0,NULL NULL
-1,747,Fall 2019,0,NULL NULL
-1,748,Fall 2019,0,WEGMN 1400
-1,749,Fall 2019,0,NULL NULL
-1,750,Fall 2019,0,NULL NULL
-1,751,Fall 2019,0,NULL NULL
-1,752,Fall 2019,0,NULL NULL
-1,753,Fall 2019,0,NULL NULL
-1,754,Fall 2019,0,NULL NULL
-1,755,Fall 2019,0,NULL NULL
-1,756,Fall 2019,0,NULL NULL
-1,757,Fall 2019,0,NULL NULL
-1,758,Fall 2019,0,NULL NULL
-1,759,Fall 2019,0,NULL NULL
1203,760,Fall 2019,215,HUTCH 141
1203,761,Fall 2019,15,NULL NULL
1215,762,Fall 2019,150,HOYT AUD
1215,763,Fall 2019,0,NULL NULL
1220,764,Fall 2019,0,MEL 224
1220,765,Fall 2019,15,NULL NULL
1217,766,Fall 2019,75,MEL 221
1217,767,Fall 2019,0,NULL NULL
1205,768,Fall 2019,120,MEL 203
1205,769,Fall 2019,0,NULL NULL
-1,770,Fall 2019,15,LCHAS 122
1226,771,Fall 2019,55,MEL 221
1226,772,Fall 2019,0,NULL NULL
-1,773,Fall 2019,125,MOREY 321
-1,774,Fall 2019,0,NULL NULL
1215,775,Fall 2019,15,MEL 352
1215,776,Fall 2019,6,NULL NULL
1206,777,Fall 2019,12,MEL 366
1203,778,Fall 2019,0,NULL NULL
1220,779,Fall 2019,10,NULL NULL
1198,780,Fall 2019,15,NULL NULL
1198,781,Fall 2019,5,NULL NULL
-1,782,Fall 2019,8,NULL NULL
1215,783,Fall 2019,15,NULL NULL
1226,784,Fall 2019,0,NULL NULL
1210,785,Fall 2019,20,NULL NULL
1204,786,Fall 2019,35,NULL NULL
1204,787,Fall 2019,35,NULL NULL
1200,788,Fall 2019,0,NULL NULL
1225,789,Fall 2019,15,MEL 366
-1,790,Fall 2019,0,NULL NULL
1198,791,Fall 2019,15,NULL NULL
-1,792,Fall 2019,0,NULL NULL
-1,793,Fall 2019,0,NULL NULL
-1,794,Fall 2019,0,NULL NULL
-1,795,Fall 2019,0,NULL NULL
1230,796,Fall 2019,15,MEL 474
1220,797,Fall 2019,18,MEL 474
-1,798,Fall 2019,15,MEL 352
1210,799,Fall 2019,0,MEL 474
1198,800,Fall 2019,15,MEL 352
-1,801,Fall 2019,10,MEL 352
1226,802,Fall 2019,15,MEL 352
1225,803,Fall 2019,15,MEL 366
-1,804,Fall 2019,15,UCC 309
1198,805,Fall 2019,0,NULL NULL
-1,806,Fall 2019,0,NULL NULL
-1,807,Fall 2019,0,NULL NULL
-1,808,Fall 2019,0,NULL NULL
-1,809,Fall 2019,0,NULL NULL
-1,810,Fall 2019,0,NULL NULL
-1,811,Fall 2019,0,NULL NULL
-1,812,Fall 2019,0,NULL NULL
-1,813,Fall 2019,0,NULL NULL
-1,814,Fall 2019,0,NULL NULL
-1,815,Fall 2019,0,NULL NULL
-1,816,Fall 2019,0,NULL NULL
-1,817,Fall 2019,0,NULL NULL
-1,818,Fall 2019,0,NULL NULL
-1,819,Fall 2019,0,NULL NULL
770,820,Fall 2019,0,HUTCH 141
824,821,Fall 2019,0,DEWEY 1101
755,822,Fall 2019,25,HARK 210
-1,823,Fall 2019,0,NULL NULL
-1,824,Fall 2019,0,NULL NULL
-1,825,Fall 2019,0,NULL NULL
-1,826,Fall 2019,0,NULL NULL
-1,827,Fall 2019,0,NULL NULL
824,828,Fall 2019,0,NULL NULL
-1,829,Fall 2019,0,NULL NULL
-1,830,Fall 2019,16,OBRN DANCE
-1,831,Fall 2019,30,SPURR GYM
-1,832,Fall 2019,25,SPURR DANCE
-1,833,Fall 2019,18,OBRN DANCE
-1,834,Fall 2019,18,OBRN DANCE
-1,835,Fall 2019,20,SPURR DANCE
-1,836,Fall 2019,18,SPURR DANCE
-1,837,Fall 2019,12,SPURR DANCE
-1,838,Fall 2019,20,SPURR DANCE
1179,839,Fall 2019,25,SPURR DANCE
1179,840,Fall 2019,5,SPURR DANCE
1179,841,Fall 2019,20,SPURR DANCE
-1,842,Fall 2019,15,OBRN DANCE
-1,843,Fall 2019,4,OBRN DANCE
-1,844,Fall 2019,18,SPURR DANCE
-1,845,Fall 2019,20,SPURR DANCE
1186,846,Fall 2019,20,SPURR DANCE
-1,847,Fall 2019,18,OBRN DANCE
-1,848,Fall 2019,15,SPURR DANCE
-1,849,Fall 2019,25,SPURR GYM
-1,850,Fall 2019,20,SPURR DANCE
-1,851,Fall 2019,6,SPURR DANCE
-1,852,Fall 2019,15,SAGE BLDG
-1,853,Fall 2019,14,SPURR DANCE
-1,854,Fall 2019,18,TODD 107
-1,855,Fall 2019,20,SPURR DANCE
-1,856,Fall 2019,15,OBRN DANCE
-1,857,Fall 2019,5,NULL NULL
-1,858,Fall 2019,5,SPURR DANCE
-1,859,Fall 2019,6,SPURR DANCE
-1,860,Fall 2019,18,SPURR DANCE
-1,861,Fall 2019,18,OBRN DANCE
-1,862,Fall 2019,20,NULL NULL
-1,863,Fall 2019,25,SPURR DANCE
1106,864,Fall 2019,25,GAVET 206
1400,865,Fall 2019,15,GRGEN 101
1481,866,Fall 2019,15,HARK 115
700,867,Fall 2019,125,WEGMN 1400
1513,868,Fall 2019,0,HYLAN 105
-1,869,Fall 2019,0,LCHAS 163
1513,870,Fall 2019,12,GAVET 310
-1,871,Fall 2019,0,NULL NULL
-1,872,Fall 2019,0,NULL NULL
-1,873,Fall 2019,0,NULL NULL
1106,874,Fall 2019,25,GAVET 206
-1,875,Fall 2019,65,GAVET 206
1400,876,Fall 2019,20,GRGEN 101
1481,877,Fall 2019,25,HARK 115
-1,878,Fall 2019,30,HYLAN 202
1513,879,Fall 2019,0,HYLAN 105
-1,880,Fall 2019,0,LCHAS 163
1513,881,Fall 2019,28,GAVET 310
-1,882,Fall 2019,0,NULL NULL
-1,883,Fall 2019,0,NULL NULL
-1,884,Fall 2019,0,NULL NULL
1368,885,Fall 2019,15,MEL 269
-1,886,Fall 2019,0,NULL NULL
-1,887,Fall 2019,0,NULL NULL
-1,888,Fall 2019,19,RETT 307
1381,889,Fall 2019,22,GAVET 208
-1,890,Fall 2019,20,RETT 201
1399,891,Fall 2019,32,RETT 307
400,892,Fall 2019,4,SAGE BLDG
401,893,Fall 2019,3,SAGE BLDG
-1,894,Fall 2019,3,SAGE BLDG
401,895,Fall 2019,3,SAGE BLDG
1399,896,Fall 2019,25,MEL 210
-1,897,Fall 2019,30,GAVET 305
-1,898,Fall 2019,16,CSB 628
-1,899,Fall 2019,16,CSB 628
399,900,Fall 2019,15,SAGE BLDG
-1,901,Fall 2019,16,RETT 201
-1,902,Fall 2019,15,LCHAS 161
401,903,Fall 2019,17,RETT 307
-1,904,Fall 2019,0,NULL NULL
-1,905,Fall 2019,0,NULL NULL
-1,906,Fall 2019,0,NULL NULL
-1,907,Fall 2019,0,HOYT AUD
-1,908,Fall 2019,140,GRGEN 101
946,909,Fall 2019,75,MOREY 321
1531,910,Fall 2019,85,CSB 209
902,911,Fall 2019,115,DEWEY 1101
1240,912,Fall 2019,60,GRGEN 108
1366,913,Fall 2019,0,LATT 201
1298,914,Fall 2019,6,RETT 106
1298,915,Fall 2019,6,RETT 106
1298,916,Fall 2019,6,RETT 106
1298,917,Fall 2019,6,RETT 106
1298,918,Fall 2019,6,RETT 106
1298,919,Fall 2019,6,RETT 106
1298,920,Fall 2019,6,RETT 106
1298,921,Fall 2019,6,RETT 106
-1,922,Fall 2019,12,HOPE 124
-1,923,Fall 2019,12,HOPE 124
-1,924,Fall 2019,12,HOPE 124
-1,925,Fall 2019,12,HOPE 124
853,926,Fall 2019,40,GAVET 208
853,927,Fall 2019,40,GAVET 208
-1,928,Fall 2019,0,NULL NULL
1366,929,Fall 2019,0,LATT 201
-1,930,Fall 2019,100,B&L 109
-1,931,Fall 2019,50,CSB 601
1531,932,Fall 2019,85,CSB 209
1367,933,Fall 2019,28,CSB 523
-1,934,Fall 2019,45,GRGEN 109
1360,935,Fall 2019,36,HOPE 202
1360,936,Fall 2019,36,HOPE 202
-1,937,Fall 2019,0,MEL 221
-1,938,Fall 2019,48,GAVET 312
-1,939,Fall 2019,70,GAVET 202
1426,940,Fall 2019,80,B&L 106
-1,941,Fall 2019,28,CSB 523
-1,942,Fall 2019,0,GAVET 206
-1,943,Fall 2019,30,B&L 269
-1,944,Fall 2019,28,CSB 523
1570,945,Fall 2019,0,CSB 601
-1,946,Fall 2019,65,GAVET 206
1336,947,Fall 2019,0,CSB 601
-1,948,Fall 2019,0,CSB 601
-1,949,Fall 2019,0,NULL NULL
-1,950,Fall 2019,0,NULL NULL
-1,951,Fall 2019,0,NULL NULL
-1,952,Fall 2019,0,NULL NULL
-1,953,Fall 2019,0,NULL NULL
-1,954,Fall 2019,0,NULL NULL
1367,955,Fall 2019,28,CSB 523
-1,956,Fall 2019,48,GAVET 312
1243,957,Fall 2019,30,WILMT 116
1272,958,Fall 2019,30,CSB 523
-1,959,Fall 2019,65,GAVET 206
1426,960,Fall 2019,28,CSB 523
-1,961,Fall 2019,28,CSB 523
-1,962,Fall 2019,0,GAVET 206
659,963,Fall 2019,45,CSB 601
-1,964,Fall 2019,30,B&L 269
-1,965,Fall 2019,28,CSB 523
-1,966,Fall 2019,0,CSB 601
-1,967,Fall 2019,0,CSB 628
1336,968,Fall 2019,0,CSB 601
-1,969,Fall 2019,0,CSB 628
-1,970,Fall 2019,28,CSB 523
-1,971,Fall 2019,0,NULL NULL
-1,972,Fall 2019,0,HUTCH 473
-1,973,Fall 2019,0,NULL NULL
-1,974,Fall 2019,0,NULL NULL
-1,975,Fall 2019,0,NULL NULL
-1,976,Fall 2019,0,NULL NULL
-1,977,Fall 2019,0,NULL NULL
-1,978,Fall 2019,0,NULL NULL
-1,979,Fall 2019,0,NULL NULL
-1,980,Fall 2019,0,NULL NULL
-1,981,Fall 2019,0,NULL NULL
-1,982,Fall 2019,0,NULL NULL
-1,983,Fall 2019,0,NULL NULL
-1,984,Fall 2019,0,NULL NULL
-1,985,Fall 2019,0,NULL NULL
-1,986,Fall 2019,0,NULL NULL
-1,987,Fall 2019,0,NULL NULL
-1,988,Fall 2019,0,NULL NULL
-1,989,Fall 2019,0,NULL NULL
-1,990,Fall 2019,0,NULL NULL
-1,991,Fall 2019,0,NULL NULL
-1,992,Fall 2019,0,NULL NULL
-1,993,Fall 2019,0,NULL NULL
-1,994,Fall 2019,0,NULL NULL
-1,995,Fall 2019,0,NULL NULL
-1,996,Fall 2019,165,DEWEY 1101
-1,997,Fall 2019,140,GRGEN 101
-1,998,Fall 2019,165,DEWEY 1101
-1,999,Fall 2019,130,LATT 201
-1,1000,Fall 2019,80,MEL 221
-1,1001,Fall 2019,30,MOREY 205
-1,1002,Fall 2019,70,B&L 106
-1,1003,Fall 2019,70,B&L 106
-1,1004,Fall 2019,48,MOREY 525
-1,1005,Fall 2019,48,MOREY 525
-1,1006,Fall 2019,20,HYLAN 305
-1,1007,Fall 2019,55,HUTCH 473
-1,1008,Fall 2019,50,HARK 210
-1,1009,Fall 2019,48,GAVET 301
-1,1010,Fall 2019,80,HARK 115
-1,1011,Fall 2019,80,HARK 115
-1,1012,Fall 2019,80,GAVET 206
-1,1013,Fall 2019,80,GAVET 206
-1,1014,Fall 2019,25,WILMT 116
-1,1015,Fall 2019,0,RRLIB 456
-1,1016,Fall 2019,60,GAVET 202
-1,1017,Fall 2019,60,GAVET 202
-1,1018,Fall 2019,85,CSB 209
-1,1019,Fall 2019,85,CSB 209
-1,1020,Fall 2019,50,HYLAN 202
-1,1021,Fall 2019,50,HYLAN 202
-1,1022,Fall 2019,0,NULL NULL
-1,1023,Fall 2019,0,NULL NULL
-1,1024,Fall 2019,0,NULL NULL
-1,1025,Fall 2019,0,NULL NULL
-1,1026,Fall 2019,0,HARK 210
-1,1027,Fall 2019,0,HARK 208
-1,1028,Fall 2019,0,HARK 208
-1,1029,Fall 2019,45,LATT 210
-1,1030,Fall 2019,0,NULL NULL
-1,1031,Fall 2019,0,NULL NULL
-1,1032,Fall 2019,0,NULL NULL
-1,1033,Fall 2019,0,HARK 208
-1,1034,Fall 2019,15,HARK 113
-1,1035,Fall 2019,0,HARK 208
-1,1036,Fall 2019,0,HARK 208
-1,1037,Fall 2019,0,HARK 208
-1,1038,Fall 2019,0,HARK 113
-1,1039,Fall 2019,0,HARK 113
-1,1040,Fall 2019,0,HARK 112
-1,1041,Fall 2019,0,HARK 113
-1,1042,Fall 2019,0,HARK 208
-1,1043,Fall 2019,0,HARK 208
-1,1044,Fall 2019,0,HARK 208
-1,1045,Fall 2019,0,HARK 208
-1,1046,Fall 2019,0,HARK 208
-1,1047,Fall 2019,0,HARK 208
-1,1048,Fall 2019,0,HARK 208
-1,1049,Fall 2019,0,HARK 208
-1,1050,Fall 2019,0,NULL NULL
-1,1051,Fall 2019,0,NULL NULL
-1,1052,Fall 2019,0,NULL NULL
-1,1053,Fall 2019,0,NULL NULL
-1,1054,Fall 2019,0,NULL NULL
-1,1055,Fall 2019,0,NULL NULL
-1,1056,Fall 2019,0,NULL NULL
-1,1057,Fall 2019,0,NULL NULL
-1,1058,Fall 2019,0,NULL NULL
-1,1059,Fall 2019,0,NULL NULL
-1,1060,Fall 2019,0,NULL NULL
-1,1061,Fall 2019,0,NULL NULL
1487,1062,Fall 2019,48,GAVET 310
1507,1063,Fall 2019,40,MOREY 502
-1,1064,Fall 2019,0,HUTCH 205
1494,1065,Fall 2019,0,HYLAN 201
1491,1066,Fall 2019,35,HYLAN 201
1482,1067,Fall 2019,35,HYLAN 101
1482,1068,Fall 2019,35,HYLAN 101
1499,1069,Fall 2019,0,GRGEN 109
-1,1070,Fall 2019,16,RETT 201
1702,1071,Fall 2019,15,HUTCH 205
1505,1072,Fall 2019,20,HYLAN 306
1505,1073,Fall 2019,20,HYLAN 306
1506,1074,Fall 2019,20,HUTCH 205
1500,1075,Fall 2019,20,LATT 413
-1,1076,Fall 2019,0,NULL NULL
1483,1077,Fall 2019,25,LATT 210
1483,1078,Fall 2019,25,LATT 210
-1,1079,Fall 2019,0,NULL NULL
-1,1080,Fall 2019,0,NULL NULL
-1,1081,Fall 2019,0,NULL NULL
-1,1082,Fall 2019,0,NULL NULL
1491,1083,Fall 2019,35,HYLAN 201
1499,1084,Fall 2019,0,GRGEN 109
1702,1085,Fall 2019,15,HUTCH 205
1505,1086,Fall 2019,20,HYLAN 306
1506,1087,Fall 2019,20,HUTCH 205
1500,1088,Fall 2019,20,LATT 413
-1,1089,Fall 2019,0,NULL NULL
-1,1090,Fall 2019,0,NULL NULL
-1,1091,Fall 2019,0,NULL NULL
-1,1092,Fall 2019,0,NULL NULL
-1,1093,Fall 2019,0,NULL NULL
-1,1094,Fall 2019,0,NULL NULL
-1,1095,Fall 2019,0,NULL NULL
-1,1096,Fall 2019,0,NULL NULL
-1,1097,Fall 2019,0,NULL NULL
-1,1098,Fall 2019,0,NULL NULL
-1,1099,Fall 2019,0,NULL NULL
-1,1100,Fall 2019,0,NULL NULL
-1,1101,Fall 2019,0,NULL NULL
-1,1102,Fall 2019,0,NULL NULL
-1,1103,Fall 2019,0,NULL NULL
-1,1104,Fall 2019,0,NULL NULL
-1,1105,Fall 2019,0,NULL NULL
-1,1106,Fall 2019,0,NULL NULL
-1,1107,Fall 2019,70,MOREY 321
-1,1108,Fall 2019,15,LATT 540
256,1109,Fall 2019,25,LCHAS 103
399,1110,Fall 2019,15,SAGE BLDG
-1,1111,Fall 2019,15,LCHAS 143
-1,1112,Fall 2019,0,NULL NULL
418,1113,Fall 2019,0,MOREY 524
-1,1114,Fall 2019,15,LCHAS 161
-1,1115,Fall 2019,12,CTOWN 102
-1,1116,Fall 2019,30,DOUG 305
-1,1117,Fall 2019,30,DOUG 305
-1,1118,Fall 2019,30,DOUG 305
-1,1119,Fall 2019,30,DOUG 305
292,1120,Fall 2019,0,MEL 224
-1,1121,Fall 2019,0,HYLAN 101
280,1122,Fall 2019,0,LCHAS 160
347,1123,Fall 2019,0,LCHAS 163
318,1124,Fall 2019,0,MOREY 501
327,1125,Fall 2019,80,MOREY 321
-1,1126,Fall 2019,0,MOREY 501
-1,1127,Fall 2019,15,MOREY 403
-1,1128,Fall 2019,15,MOREY 403
265,1129,Fall 2019,15,MOREY 403
-1,1130,Fall 2019,10,TODD 202F
323,1131,Fall 2019,35,GRGEN 109
323,1132,Fall 2019,35,MEL 221
358,1133,Fall 2019,20,LCHAS 103
-1,1134,Fall 2019,15,LCHAS 182
-1,1135,Fall 2019,15,LCHAS 160
-1,1136,Fall 2019,8,TODD 107
401,1137,Fall 2019,15,SAGE BLDG
-1,1138,Fall 2019,15,TODD 107
345,1139,Fall 2019,15,TODD 202F
345,1140,Fall 2019,15,TODD 202F
-1,1141,Fall 2019,15,TODD 107
-1,1142,Fall 2019,15,TODD 107
-1,1143,Fall 2019,8,TODD 107
-1,1144,Fall 2019,15,TODD 107
317,1145,Fall 2019,15,TODD 202F
347,1146,Fall 2019,0,LCHAS 104
295,1147,Fall 2019,0,MOREY 502
292,1148,Fall 2019,0,DEWEY 4162
-1,1149,Fall 2019,0,GAVET 310
296,1150,Fall 2019,0,LCHAS 148
328,1151,Fall 2019,0,LCHAS 103
289,1152,Fall 2019,0,LCHAS 160
342,1153,Fall 2019,0,HYLAN 306
342,1154,Fall 2019,0,TODD 202
363,1155,Fall 2019,0,MOREY 501
363,1156,Fall 2019,0,MOREY 501
972,1157,Fall 2019,12,LCHAS 184
-1,1158,Fall 2019,0,MEL 206
-1,1159,Fall 2019,0,LCHAS 161
312,1160,Fall 2019,0,GRGEN 110
-1,1161,Fall 2019,19,LATT 401
289,1162,Fall 2019,0,HYLAN 306
312,1163,Fall 2019,0,MOREY 502
328,1164,Fall 2019,0,HUTCH 138
267,1165,Fall 2019,0,HYLAN 306
318,1166,Fall 2019,0,NULL NULL
-1,1167,Fall 2019,0,GEM CURT
961,1168,Fall 2019,15,LATT 431
425,1169,Fall 2019,30,MOREY 504
-1,1170,Fall 2019,0,MEL 218
982,1171,Fall 2019,16,B&L 315
-1,1172,Fall 2019,20,MEL 219
-1,1173,Fall 2019,15,LCHAS 161
-1,1174,Fall 2019,15,LCHAS 143
345,1175,Fall 2019,15,TODD 202F
-1,1176,Fall 2019,15,TODD 107
-1,1177,Fall 2019,15,RRLIB PLUTZ
290,1178,Fall 2019,15,PLUTZ LIB
265,1179,Fall 2019,15,MOREY 303
-1,1180,Fall 2019,15,LCHAS 122
267,1181,Fall 2019,0,HYLAN 203
-1,1182,Fall 2019,15,RRLIB G121A
358,1183,Fall 2019,25,LCHAS 161
350,1184,Fall 2019,13,RRLIB PLUTZ
-1,1185,Fall 2019,15,RRLIB G108
-1,1186,Fall 2019,10,RETT 305
-1,1187,Fall 2019,30,NULL NULL
-1,1188,Fall 2019,0,NULL NULL
317,1189,Fall 2019,15,TODD 202F
-1,1190,Fall 2019,30,NULL NULL
317,1191,Fall 2019,0,NULL NULL
360,1192,Fall 2019,0,MOREY 403
-1,1193,Fall 2019,0,NULL NULL
-1,1194,Fall 2019,0,NULL NULL
-1,1195,Fall 2019,0,NULL NULL
-1,1196,Fall 2019,0,NULL NULL
-1,1197,Fall 2019,0,NULL NULL
318,1198,Fall 2019,0,MOREY 403
-1,1199,Fall 2019,0,NULL NULL
347,1200,Fall 2019,0,LCHAS 104
296,1201,Fall 2019,0,LCHAS 148
328,1202,Fall 2019,0,LCHAS 103
289,1203,Fall 2019,0,LCHAS 160
342,1204,Fall 2019,0,HYLAN 306
342,1205,Fall 2019,0,TODD 202
312,1206,Fall 2019,0,GRGEN 110
318,1207,Fall 2019,0,NULL NULL
-1,1208,Fall 2019,0,GEM CURT
961,1209,Fall 2019,15,LATT 431
425,1210,Fall 2019,30,MOREY 504
961,1211,Fall 2019,15,DEWEY 4162
-1,1212,Fall 2019,30,NULL NULL
-1,1213,Fall 2019,30,NULL NULL
-1,1214,Fall 2019,30,NULL NULL
-1,1215,Fall 2019,15,RRLIB PLUTZ
290,1216,Fall 2019,15,PLUTZ LIB
350,1217,Fall 2019,13,RRLIB PLUTZ
-1,1218,Fall 2019,0,NULL NULL
318,1219,Fall 2019,18,NULL NULL
296,1220,Fall 2019,18,MOREY 403
360,1221,Fall 2019,18,MOREY 403
313,1222,Fall 2019,18,MOREY 403
326,1223,Fall 2019,18,MOREY 403
-1,1224,Fall 2019,25,NULL NULL
318,1225,Fall 2019,0,NULL NULL
318,1226,Fall 2019,0,NULL NULL
-1,1227,Fall 2019,0,NULL NULL
-1,1228,Fall 2019,0,NULL NULL
-1,1229,Fall 2019,0,NULL NULL
-1,1230,Fall 2019,0,NULL NULL
-1,1231,Fall 2019,0,NULL NULL
-1,1232,Fall 2019,0,NULL NULL
-1,1233,Fall 2019,0,NULL NULL
-1,1234,Fall 2019,0,NULL NULL
-1,1235,Fall 2019,0,NULL NULL
-1,1236,Fall 2019,0,NULL NULL
-1,1237,Fall 2019,0,NULL NULL
-1,1238,Fall 2019,0,NULL NULL
-1,1239,Fall 2019,0,NULL NULL
-1,1240,Fall 2019,0,NULL NULL
934,1241,Fall 2019,40,GAVET 310
-1,1242,Fall 2019,35,B&L 270
-1,1243,Fall 2019,45,GAVET 312
690,1244,Fall 2019,30,GAVET 310
-1,1245,Fall 2019,35,MEL 205
956,1246,Fall 2019,35,B&L 270
-1,1247,Fall 2019,0,NULL NULL
-1,1248,Fall 2019,0,NULL NULL
-1,1249,Fall 2019,0,NULL NULL
-1,1250,Fall 2019,0,NULL NULL
-1,1251,Fall 2019,0,GRGEN 101
-1,1252,Fall 2019,0,NULL NULL
-1,1253,Fall 2019,0,NULL NULL
-1,1254,Fall 2019,0,NULL NULL
327,1255,Fall 2019,80,MOREY 321
401,1256,Fall 2019,15,SAGE BLDG
400,1257,Fall 2019,4,SAGE BLDG
-1,1258,Fall 2019,0,MEL 218
-1,1259,Fall 2019,0,LATT 431
-1,1260,Fall 2019,15,SAGE BLDG
-1,1261,Fall 2019,0,GAVET 312
982,1262,Fall 2019,16,B&L 315
977,1263,Fall 2019,25,MOREY 205
-1,1264,Fall 2019,0,GEM CURT
399,1265,Fall 2019,15,SAGE BLDG
1003,1266,Fall 2019,15,B&L 315
961,1267,Fall 2019,15,DEWEY 4162
-1,1268,Fall 2019,15,LCHAS 161
-1,1269,Fall 2019,15,LCHAS 143
977,1270,Fall 2019,25,MEL 218
961,1271,Fall 2019,15,LATT 431
425,1272,Fall 2019,30,MOREY 504
425,1273,Fall 2019,30,MOREY 504
-1,1274,Fall 2019,0,NULL NULL
-1,1275,Fall 2019,0,NULL NULL
-1,1276,Fall 2019,0,NULL NULL
961,1277,Fall 2019,15,DEWEY 4162
-1,1278,Fall 2019,0,NULL NULL
961,1279,Fall 2019,15,LATT 431
425,1280,Fall 2019,30,MOREY 504
988,1281,Fall 2019,20,LCHAS 163
991,1282,Fall 2019,20,LCHAS 104
-1,1283,Fall 2019,14,MOREY 205
988,1284,Fall 2019,18,LCHAS 163
988,1285,Fall 2019,18,LCHAS 181
996,1286,Fall 2019,19,DOUG 302
985,1287,Fall 2019,19,LATT 401
991,1288,Fall 2019,18,LCHAS 160
991,1289,Fall 2019,18,LATT 401
991,1290,Fall 2019,20,LCHAS 160
979,1291,Fall 2019,0,LATT 441
966,1292,Fall 2019,0,MOREY 504
966,1293,Fall 2019,0,LATT 401
979,1294,Fall 2019,0,MEL 219
425,1295,Fall 2019,30,MOREY 504
-1,1296,Fall 2019,0,NULL NULL
-1,1297,Fall 2019,0,NULL NULL
991,1298,Fall 2019,20,LCHAS 160
425,1299,Fall 2019,30,MOREY 504
-1,1300,Fall 2019,30,NULL NULL
-1,1301,Fall 2019,0,NULL NULL
-1,1302,Fall 2019,0,NULL NULL
1015,1303,Fall 2019,22,DOUG 403
-1,1304,Fall 2019,22,MEL 224
959,1305,Fall 2019,22,B&L 269
-1,1306,Fall 2019,18,DOUG 403
-1,1307,Fall 2019,18,DOUG 403
985,1308,Fall 2019,19,LATT 401
-1,1309,Fall 2019,30,DOUG 403
-1,1310,Fall 2019,0,LATT 401
-1,1311,Fall 2019,0,LCHAS 161
972,1312,Fall 2019,12,LCHAS 184
972,1313,Fall 2019,0,LCHAS 163
977,1314,Fall 2019,25,MOREY 205
977,1315,Fall 2019,25,MEL 218
-1,1316,Fall 2019,0,NULL NULL
-1,1317,Fall 2019,0,NULL NULL
-1,1318,Fall 2019,0,NULL NULL
972,1319,Fall 2019,12,LCHAS 184
977,1320,Fall 2019,25,MOREY 205
977,1321,Fall 2019,25,MEL 218
-1,1322,Fall 2019,0,NULL NULL
-1,1323,Fall 2019,0,NULL NULL
-1,1324,Fall 2019,0,NULL NULL
-1,1325,Fall 2019,0,NULL NULL
-1,1326,Fall 2019,0,NULL NULL
-1,1327,Fall 2019,20,LATT 540
-1,1328,Fall 2019,15,LATT 540
-1,1329,Fall 2019,40,GAVET 301
-1,1330,Fall 2019,35,B&L 270
-1,1331,Fall 2019,25,CHAPL 200
-1,1332,Fall 2019,25,SPURR DANCE
-1,1333,Fall 2019,15,LATT 540
-1,1334,Fall 2019,15,LATT 540
-1,1335,Fall 2019,20,RRLIB 442
-1,1336,Fall 2019,19,LATT 540
-1,1337,Fall 2019,0,LCHAS 161
-1,1338,Fall 2019,14,SPURR DANCE
312,1339,Fall 2019,0,GRGEN 110
312,1340,Fall 2019,0,MOREY 502
296,1341,Fall 2019,0,LCHAS 148
1205,1342,Fall 2019,120,MEL 203
-1,1343,Fall 2019,0,NULL NULL
-1,1344,Fall 2019,0,NULL NULL
-1,1345,Fall 2019,0,NULL NULL
-1,1346,Fall 2019,0,NULL NULL
-1,1347,Fall 2019,0,NULL NULL
296,1348,Fall 2019,0,LCHAS 148
-1,1349,Fall 2019,20,LATT 413
-1,1350,Fall 2019,20,DOUG 419
-1,1351,Fall 2019,0,NULL NULL
-1,1352,Fall 2019,0,LCHAS 103
-1,1353,Fall 2019,0,GAVET 206
-1,1354,Fall 2019,15,LCHAS 182
985,1355,Fall 2019,15,LATT 401
-1,1356,Fall 2019,0,GAVET 310
-1,1357,Fall 2019,28,LCHAS 103
-1,1358,Fall 2019,20,MEL 209
-1,1359,Fall 2019,0,B&L 315
-1,1360,Fall 2019,0,LCHAS 104
-1,1361,Fall 2019,0,HYLAN 306
-1,1362,Fall 2019,0,LCHAS 104
-1,1363,Fall 2019,0,WEGMN 1009
-1,1364,Fall 2019,0,GAVET 202
-1,1365,Fall 2019,0,LCHAS 143
-1,1366,Fall 2019,0,RRLIB 362
-1,1367,Fall 2019,18,RRLIB 456
-1,1368,Fall 2019,18,RRLIB 362
-1,1369,Fall 2019,0,RRLIB 456
-1,1370,Fall 2019,18,TODD 202
-1,1371,Fall 2019,18,TODD 202
-1,1372,Fall 2019,0,LCHAS 103
-1,1373,Fall 2019,0,LCHAS 103
-1,1374,Fall 2019,20,GRGEN 110
-1,1375,Fall 2019,0,HARK 210
-1,1376,Fall 2019,0,HARK 210
-1,1377,Fall 2019,0,MOREY 501
-1,1378,Fall 2019,0,MOREY 501
-1,1379,Fall 2019,0,LCHAS 163
-1,1380,Fall 2019,15,LCHAS 163
-1,1381,Fall 2019,15,LCHAS 163
-1,1382,Fall 2019,18,RRLIB 456
-1,1383,Fall 2019,18,RRLIB 456
-1,1384,Fall 2019,0,LCHAS 121
-1,1385,Fall 2019,0,LCHAS 121
-1,1386,Fall 2019,20,MEL 205
-1,1387,Fall 2019,20,MEL 205
-1,1388,Fall 2019,25,WILMT 116
-1,1389,Fall 2019,0,GAVET 312
-1,1390,Fall 2019,0,DEWEY 4162
-1,1391,Fall 2019,18,RRLIB 362
-1,1392,Fall 2019,18,RRLIB 362
-1,1393,Fall 2019,18,RRLIB 362
-1,1394,Fall 2019,18,LCHAS 182
-1,1395,Fall 2019,18,RRLIB 456
404,1396,Fall 2019,30,MOREY 502
-1,1397,Fall 2019,0,NULL NULL
-1,1398,Fall 2019,0,NULL NULL
-1,1399,Fall 2019,0,NULL NULL
-1,1400,Fall 2019,0,NULL NULL
-1,1401,Fall 2019,18,RRLIB 362
-1,1402,Fall 2019,18,RRLIB 362
-1,1403,Fall 2019,18,RRLIB 362
-1,1404,Fall 2019,18,LCHAS 182
-1,1405,Fall 2019,18,RRLIB 456
404,1406,Fall 2019,30,MOREY 502
-1,1407,Fall 2019,0,NULL NULL
-1,1408,Fall 2019,0,NULL NULL
-1,1409,Fall 2019,0,NULL NULL
-1,1410,Fall 2019,18,RRLIB 456
-1,1411,Fall 2019,0,NULL NULL
-1,1412,Fall 2019,0,NULL NULL
-1,1413,Fall 2019,0,NULL NULL
-1,1414,Fall 2019,0,NULL NULL
-1,1415,Fall 2019,0,NULL NULL
-1,1416,Fall 2019,0,NULL NULL
-1,1417,Fall 2019,0,NULL NULL
-1,1418,Fall 2019,0,NULL NULL
-1,1419,Fall 2019,0,NULL NULL
-1,1420,Fall 2019,0,NULL NULL
-1,1421,Fall 2019,0,NULL NULL
-1,1422,Fall 2019,0,NULL NULL
-1,1423,Fall 2019,0,NULL NULL
-1,1424,Fall 2019,0,NULL NULL
-1,1425,Fall 2019,0,NULL NULL
-1,1426,Fall 2019,0,NULL NULL
-1,1427,Fall 2019,0,NULL NULL
-1,1428,Fall 2019,0,NULL NULL
-1,1429,Fall 2019,0,NULL NULL
-1,1430,Fall 2019,0,NULL NULL
-1,1431,Fall 2019,0,NULL NULL
-1,1432,Fall 2019,0,NULL NULL
-1,1433,Fall 2019,0,LATT 201
-1,1434,Fall 2019,80,B&L 106
-1,1435,Fall 2019,12,LCHAS 160
-1,1436,Fall 2019,20,GRGEN 110
-1,1437,Fall 2019,0,MEL 205
-1,1438,Fall 2019,5,MEL 205
-1,1439,Fall 2019,0,HARK 210
-1,1440,Fall 2019,5,HARK 210
-1,1441,Fall 2019,18,HARK 112
-1,1442,Fall 2019,18,HARK 112
-1,1443,Fall 2019,50,GAVET 206
-1,1444,Fall 2019,50,GAVET 206
-1,1445,Fall 2019,0,HYLAN 202
-1,1446,Fall 2019,18,HARK 329
-1,1447,Fall 2019,18,HARK 329
-1,1448,Fall 2019,35,B&L 269
-1,1449,Fall 2019,35,B&L 269
-1,1450,Fall 2019,7,LCHAS 184
-1,1451,Fall 2019,0,NULL NULL
-1,1452,Fall 2019,0,NULL NULL
987,1453,Fall 2019,25,MOREY 501
987,1454,Fall 2019,0,LATT 431
982,1455,Fall 2019,0,LCHAS 182
985,1456,Fall 2019,19,LATT 401
-1,1457,Fall 2019,0,GAVET 310
987,1458,Fall 2019,0,LATT 431
-1,1459,Fall 2019,0,GAVET 310
1003,1460,Fall 2019,15,B&L 315
1003,1461,Fall 2019,15,B&L 315
982,1462,Fall 2019,16,B&L 315
-1,1463,Fall 2019,0,DEWEY 4162
-1,1464,Fall 2019,0,NULL NULL
1002,1465,Fall 2019,20,DEWEY 2110E
973,1466,Fall 2019,20,WILMT 116
1006,1467,Fall 2019,20,MOREY 205
973,1468,Fall 2019,15,MEL 218
973,1469,Fall 2019,25,B&L 270
1007,1470,Fall 2019,27,MEL 205
1007,1471,Fall 2019,25,MEL 205
973,1472,Fall 2019,15,LATT 413
1007,1473,Fall 2019,25,MEL 205
961,1474,Fall 2019,15,LATT 431
-1,1475,Fall 2019,0,LCHAS 103
962,1476,Fall 2019,20,LCHAS 103
962,1477,Fall 2019,0,LATT 413
961,1478,Fall 2019,15,DEWEY 4162
-1,1479,Fall 2019,0,NULL NULL
-1,1480,Fall 2019,0,NULL NULL
961,1481,Fall 2019,15,LATT 431
-1,1482,Fall 2019,20,LATT 413
-1,1483,Fall 2019,20,DOUG 419
-1,1484,Fall 2019,0,DEWEY 2110E
-1,1485,Fall 2019,35,B&L 270
-1,1486,Fall 2019,20,RRLIB 442
964,1487,Fall 2019,15,LCHAS 160
964,1488,Fall 2019,14,DOUG 403
964,1489,Fall 2019,14,DOUG 302
-1,1490,Fall 2019,0,GRGEN 110
-1,1491,Fall 2019,10,RRLIB 428D
-1,1492,Fall 2019,0,NULL NULL
559,1493,Fall 2019,20,LCHAS 161
-1,1494,Fall 2019,30,DEWEY 2110D
-1,1495,Fall 2019,50,MEL 221
561,1496,Fall 2019,50,GRGEN 109
-1,1497,Fall 2019,15,RRLIB G108
347,1498,Fall 2019,0,LCHAS 104
577,1499,Fall 2019,48,MOREY 525
577,1500,Fall 2019,48,MOREY 525
836,1501,Fall 2019,0,STRNG LOWER
1170,1502,Fall 2019,25,LATT 513
570,1503,Fall 2019,55,HUTCH 473
561,1504,Fall 2019,25,MOREY 502
559,1505,Fall 2019,25,LATT 531
1347,1506,Fall 2019,43,GAVET 312
-1,1507,Fall 2019,25,LATT 513
570,1508,Fall 2019,25,LATT 513
-1,1509,Fall 2019,0,NULL NULL
-1,1510,Fall 2019,0,NULL NULL
-1,1511,Fall 2019,0,NULL NULL
347,1512,Fall 2019,0,LCHAS 104
577,1513,Fall 2019,48,MOREY 525
1170,1514,Fall 2019,25,LATT 513
570,1515,Fall 2019,55,HUTCH 473
561,1516,Fall 2019,25,MOREY 502
1347,1517,Fall 2019,43,GAVET 312
-1,1518,Fall 2019,25,LATT 513
-1,1519,Fall 2019,0,NULL NULL
-1,1520,Fall 2019,0,NULL NULL
-1,1521,Fall 2019,0,NULL NULL
-1,1522,Fall 2019,0,NULL NULL
-1,1523,Fall 2019,0,NULL NULL
-1,1524,Fall 2019,0,NULL NULL
-1,1525,Fall 2019,0,NULL NULL
-1,1526,Fall 2019,0,NULL NULL
-1,1527,Fall 2019,0,NULL NULL
-1,1528,Fall 2019,10,NULL NULL
-1,1529,Fall 2019,0,NULL NULL
-1,1530,Fall 2019,0,NULL NULL
-1,1531,Fall 2019,0,NULL NULL
-1,1532,Fall 2019,0,NULL NULL
350,1533,Fall 2019,13,RRLIB PLUTZ
-1,1534,Fall 2019,0,MEL 218
-1,1535,Fall 2019,0,NULL NULL
-1,1536,Fall 2019,0,NULL NULL
-1,1537,Fall 2019,0,NULL NULL
-1,1538,Fall 2019,20,MEL 219
350,1539,Fall 2019,13,RRLIB PLUTZ
350,1540,Fall 2019,4,NULL NULL
-1,1541,Fall 2019,20,MEL 219
-1,1542,Fall 2019,0,NULL NULL
-1,1543,Fall 2019,0,NULL NULL
-1,1544,Fall 2019,0,NULL NULL
-1,1545,Fall 2019,0,NULL NULL
-1,1546,Fall 2019,60,GAVET 202
-1,1547,Fall 2019,80,CSB 209
722,1548,Fall 2019,110,MEL 203
-1,1549,Fall 2019,45,CSB 209
-1,1550,Fall 2019,45,GRGEN 109
-1,1551,Fall 2019,85,MOREY 321
-1,1552,Fall 2019,48,GAVET 312
-1,1553,Fall 2019,80,DEWEY 2162
743,1554,Fall 2019,80,B&L 106
726,1555,Fall 2019,110,B&L 109
720,1556,Fall 2019,100,HARK 115
721,1557,Fall 2019,75,GAVET 202
-1,1558,Fall 2019,45,LATT 210
726,1559,Fall 2019,20,NULL NULL
745,1560,Fall 2019,100,HUTCH 140
-1,1561,Fall 2019,60,MOREY 321
747,1562,Fall 2019,90,DEWEY 2162
714,1563,Fall 2019,110,LATT 201
697,1564,Fall 2019,35,B&L 270
736,1565,Fall 2019,90,MOREY 321
737,1566,Fall 2019,90,MOREY 321
721,1567,Fall 2019,80,HARK 115
-1,1568,Fall 2019,60,GRGEN 108
740,1569,Fall 2019,80,DEWEY 1101
740,1570,Fall 2019,80,HARK 115
706,1571,Fall 2019,80,MEL 221
-1,1572,Fall 2019,80,MOREY 321
699,1573,Fall 2019,95,LATT 201
730,1574,Fall 2019,95,B&L 109
731,1575,Fall 2019,80,LATT 201
698,1576,Fall 2019,95,HUTCH 140
708,1577,Fall 2019,50,HYLAN 202
702,1578,Fall 2019,45,HYLAN 201
715,1579,Fall 2019,40,HYLAN 201
707,1580,Fall 2019,0,HYLAN 1106A
-1,1581,Fall 2019,45,HYLAN 201
743,1582,Fall 2019,40,MOREY 504
744,1583,Fall 2019,66,GRGEN 108
-1,1584,Fall 2019,60,GAVET 206
-1,1585,Fall 2019,45,GRGEN 108
714,1586,Fall 2019,75,GAVET 202
697,1587,Fall 2019,85,MOREY 321
728,1588,Fall 2019,30,HARK 210
706,1589,Fall 2019,30,HYLAN 105
731,1590,Fall 2019,30,HYLAN 102
737,1591,Fall 2019,40,GAVET 312
698,1592,Fall 2019,48,GAVET 310
716,1593,Fall 2019,20,HYLAN 203
720,1594,Fall 2019,30,HYLAN 102
-1,1595,Fall 2019,20,HYLAN 206
747,1596,Fall 2019,15,MEL 218
745,1597,Fall 2019,40,DEWEY 2110E
726,1598,Fall 2019,45,GAVET 312
707,1599,Fall 2019,40,DEWEY 2110D
842,1600,Fall 2019,62,DEWEY 2162
-1,1601,Fall 2019,0,NULL NULL
-1,1602,Fall 2019,0,NULL NULL
-1,1603,Fall 2019,0,NULL NULL
-1,1604,Fall 2019,0,NULL NULL
-1,1605,Fall 2019,0,NULL NULL
-1,1606,Fall 2019,0,NULL NULL
716,1607,Fall 2019,20,HYLAN 1101
702,1608,Fall 2019,0,HYLAN 1101
736,1609,Fall 2019,20,HYLAN 1101
718,1610,Fall 2019,20,HYLAN 1101
-1,1611,Fall 2019,0,NULL NULL
-1,1612,Fall 2019,15,NULL NULL
-1,1613,Fall 2019,0,NULL NULL
709,1614,Fall 2019,10,NULL NULL
-1,1615,Fall 2019,0,NULL NULL
-1,1616,Fall 2019,0,NULL NULL
-1,1617,Fall 2019,0,NULL NULL
-1,1618,Fall 2019,0,NULL NULL
-1,1619,Fall 2019,0,NULL NULL
-1,1620,Fall 2019,0,NULL NULL
-1,1621,Fall 2019,0,NULL NULL
-1,1622,Fall 2019,0,NULL NULL
-1,1623,Fall 2019,0,NULL NULL
-1,1624,Fall 2019,0,NULL NULL
-1,1625,Fall 2019,0,NULL NULL
-1,1626,Fall 2019,0,NULL NULL
-1,1627,Fall 2019,0,NULL NULL
-1,1628,Fall 2019,0,NULL NULL
867,1629,Fall 2019,90,HARK 115
-1,1630,Fall 2019,50,GAVET 244
-1,1631,Fall 2019,50,GAVET 244
684,1632,Fall 2019,30,HYLAN 102
-1,1633,Fall 2019,48,GAVET 312
-1,1634,Fall 2019,125,WEGMN 1400
1272,1635,Fall 2019,30,CSB 523
928,1636,Fall 2019,30,HYLAN 102
-1,1637,Fall 2019,0,HYLAN 102
-1,1638,Fall 2019,35,B&L 270
-1,1639,Fall 2019,45,GAVET 312
1077,1640,Fall 2019,0,HYLAN 305
952,1641,Fall 2019,30,HYLAN 105
867,1642,Fall 2019,90,HARK 115
-1,1643,Fall 2019,35,MEL 205
-1,1644,Fall 2019,0,NULL NULL
-1,1645,Fall 2019,0,NULL NULL
-1,1646,Fall 2019,0,NULL NULL
-1,1647,Fall 2019,0,NULL NULL
-1,1648,Fall 2019,0,NULL NULL
-1,1649,Fall 2019,0,NULL NULL
-1,1650,Fall 2019,0,NULL NULL
-1,1651,Fall 2019,0,NULL NULL
-1,1652,Fall 2019,0,NULL NULL
-1,1653,Fall 2019,0,NULL NULL
-1,1654,Fall 2019,0,NULL NULL
-1,1655,Fall 2019,0,NULL NULL
-1,1656,Fall 2019,0,NULL NULL
-1,1657,Fall 2019,0,NULL NULL
-1,1658,Fall 2019,0,NULL NULL
-1,1659,Fall 2019,0,NULL NULL
-1,1660,Fall 2019,0,NULL NULL
-1,1661,Fall 2019,0,NULL NULL
-1,1662,Fall 2019,0,NULL NULL
902,1663,Fall 2019,115,DEWEY 1101
-1,1664,Fall 2019,24,GRGEN 102
-1,1665,Fall 2019,24,GRGEN 102
913,1666,Fall 2019,50,HYLAN 202
913,1667,Fall 2019,85,MEL 203
1281,1668,Fall 2019,10,GAVET 118
1281,1669,Fall 2019,10,GAVET 118
1281,1670,Fall 2019,10,GAVET 118
898,1671,Fall 2019,80,MEL 221
842,1672,Fall 2019,62,DEWEY 2162
898,1673,Fall 2019,85,MEL 203
853,1674,Fall 2019,80,B&L 106
1703,1675,Fall 2019,20,MOREY 205
881,1676,Fall 2019,0,HUTCH 140
-1,1677,Fall 2019,50,GAVET 244
-1,1678,Fall 2019,50,GAVET 244
853,1679,Fall 2019,30,MOREY 501
844,1680,Fall 2019,24,HYLAN 105
867,1681,Fall 2019,90,HARK 115
-1,1682,Fall 2019,0,NULL NULL
-1,1683,Fall 2019,0,NULL NULL
-1,1684,Fall 2019,0,NULL NULL
-1,1685,Fall 2019,0,NULL NULL
-1,1686,Fall 2019,0,NULL NULL
842,1687,Fall 2019,62,DEWEY 2162
1737,1688,Fall 2019,20,HYLAN 306
842,1689,Fall 2019,15,HYLAN 206
844,1690,Fall 2019,24,HYLAN 105
-1,1691,Fall 2019,15,LCHAS 161
853,1692,Fall 2019,30,MOREY 501
-1,1693,Fall 2019,50,GAVET 244
-1,1694,Fall 2019,50,GAVET 244
600,1695,Fall 2019,35,GRGEN 109
-1,1696,Fall 2019,0,NULL NULL
-1,1697,Fall 2019,0,LCHAS 121
-1,1698,Fall 2019,0,NULL NULL
-1,1699,Fall 2019,0,NULL NULL
-1,1700,Fall 2019,0,NULL NULL
-1,1701,Fall 2019,0,NULL NULL
-1,1702,Fall 2019,0,NULL NULL
-1,1703,Fall 2019,0,NULL NULL
-1,1704,Fall 2019,0,NULL NULL
-1,1705,Fall 2019,0,NULL NULL
-1,1706,Fall 2019,0,NULL NULL
-1,1707,Fall 2019,0,NULL NULL
-1,1708,Fall 2019,0,NULL NULL
-1,1709,Fall 2019,0,NULL NULL
-1,1710,Fall 2019,0,NULL NULL
-1,1711,Fall 2019,0,NULL NULL
-1,1712,Fall 2019,0,NULL NULL
-1,1713,Fall 2019,0,NULL NULL
-1,1714,Fall 2019,0,NULL NULL
1184,1715,Fall 2019,0,STRNG LOWER
1177,1716,Fall 2019,0,NULL NULL
1182,1717,Fall 2019,12,DEWEY B320
1182,1718,Fall 2019,12,DEWEY B320
1193,1719,Fall 2019,85,HUTCH 140
1193,1720,Fall 2019,30,DEWEY B315
1193,1721,Fall 2019,30,DEWEY 1305
1182,1722,Fall 2019,30,DEWEY 1305
1178,1723,Fall 2019,30,DEWEY B315
1188,1724,Fall 2019,12,DEWEY B315
1188,1725,Fall 2019,12,DEWEY B320
1188,1726,Fall 2019,12,DEWEY B315
1188,1727,Fall 2019,12,DEWEY B320
1188,1728,Fall 2019,12,DEWEY B315
1183,1729,Fall 2019,6,DEWEY 1305
1183,1730,Fall 2019,6,DEWEY B349
-1,1731,Fall 2019,6,MSH 414
-1,1732,Fall 2019,11,MSH 410
-1,1733,Fall 2019,6,MSH 414
-1,1734,Fall 2019,11,ESM 443
-1,1735,Fall 2019,30,LATT 210
1189,1736,Fall 2019,30,DEWEY 1305
1180,1737,Fall 2019,25,DEWEY 1305
1182,1738,Fall 2019,25,DEWEY B315
1184,1739,Fall 2019,30,DEWEY B315
-1,1740,Fall 2019,30,LATT 210
1194,1741,Fall 2019,10,DEWEY B320
1531,1742,Fall 2019,85,CSB 209
-1,1743,Fall 2019,30,LATT 210
-1,1744,Fall 2019,25,LATT 210
1190,1745,Fall 2019,0,LATT 201
1182,1746,Fall 2019,20,HUTCH 140
1194,1747,Fall 2019,0,STRNG UPPER
1194,1748,Fall 2019,0,STRNG UPPER
1194,1749,Fall 2019,50,NULL NULL
1192,1750,Fall 2019,40,STRNG UPPER
1192,1751,Fall 2019,40,OBRN DANCE
-1,1752,Fall 2019,0,OBRN 104
-1,1753,Fall 2019,70,HUTCH 140
-1,1754,Fall 2019,35,ET 12
1182,1755,Fall 2019,0,STRNG LOWER
798,1756,Fall 2019,0,GAVET 202
-1,1757,Fall 2019,20,ET 12
1179,1758,Fall 2019,20,STRNG LOWER
1179,1759,Fall 2019,15,STRNG LOWER
1192,1760,Fall 2019,0,OBRN DANCE
-1,1761,Fall 2019,0,STRNG UPPER
1182,1762,Fall 2019,0,STRNG LOWER
-1,1763,Fall 2019,10,DEWEY B320
-1,1764,Fall 2019,10,DEWEY B320
-1,1765,Fall 2019,10,DEWEY B320
-1,1766,Fall 2019,30,GAVET 305
-1,1767,Fall 2019,16,CSB 628
-1,1768,Fall 2019,16,CSB 628
-1,1769,Fall 2019,10,DEWEY B315
1177,1770,Fall 2019,0,NULL NULL
1186,1771,Fall 2019,20,SPURR DANCE
1183,1772,Fall 2019,25,DEWEY 1305
1183,1773,Fall 2019,14,DEWEY B320
1187,1774,Fall 2019,25,DEWEY 1305
1180,1775,Fall 2019,25,DEWEY 1305
-1,1776,Fall 2019,0,CSB 628
-1,1777,Fall 2019,0,NULL NULL
-1,1778,Fall 2019,0,NULL NULL
1186,1779,Fall 2019,20,SPURR DANCE
1179,1780,Fall 2019,15,STRNG LOWER
1179,1781,Fall 2019,20,STRNG LOWER
-1,1782,Fall 2019,45,LATT 201
-1,1783,Fall 2019,30,DEWEY 2110E
-1,1784,Fall 2019,30,HARK 114
-1,1785,Fall 2019,36,MOREY 321
770,1786,Fall 2019,0,STRNG LOWER
799,1787,Fall 2019,15,MEL 111
799,1788,Fall 2019,15,MEL 111
799,1789,Fall 2019,15,MEL 111
799,1790,Fall 2019,15,MEL 111
799,1791,Fall 2019,15,MEL 111
755,1792,Fall 2019,25,HARK 210
-1,1793,Fall 2019,125,MEL 203
799,1794,Fall 2019,35,LCHAS 141
799,1795,Fall 2019,20,MEL 366
1694,1796,Fall 2019,20,MEL 269
-1,1797,Fall 2019,0,NULL NULL
-1,1798,Fall 2019,0,NULL NULL
-1,1799,Fall 2019,0,NULL NULL
1240,1800,Fall 2019,60,GRGEN 108
1281,1801,Fall 2019,10,GAVET 118
1281,1802,Fall 2019,10,GAVET 118
1281,1803,Fall 2019,10,GAVET 118
1252,1804,Fall 2019,18,WILMT 504
1252,1805,Fall 2019,18,WILMT 504
1269,1806,Fall 2019,50,HYLAN 202
1286,1807,Fall 2019,50,GRGEN 109
1234,1808,Fall 2019,50,GRGEN 108
1284,1809,Fall 2019,50,HUTCH 473
1703,1810,Fall 2019,20,MOREY 205
853,1811,Fall 2019,30,MOREY 501
1715,1812,Fall 2019,0,GAVET 312
1248,1813,Fall 2019,30,GAVET 208
1273,1814,Fall 2019,20,NULL NULL
1235,1815,Fall 2019,48,GAVET 312
1655,1816,Fall 2019,40,GAVET 301
1655,1817,Fall 2019,6,GAVET 301
-1,1818,Fall 2019,0,NULL NULL
-1,1819,Fall 2019,0,NULL NULL
-1,1820,Fall 2019,0,NULL NULL
-1,1821,Fall 2019,0,NULL NULL
1283,1822,Fall 2019,65,GRGEN 108
-1,1823,Fall 2019,65,GAVET 206
1295,1824,Fall 2019,40,WILMT 116
-1,1825,Fall 2019,0,HYLAN 102
1241,1826,Fall 2019,40,WILMT 116
1298,1827,Fall 2019,16,GRGEN 108
853,1828,Fall 2019,30,MOREY 501
1715,1829,Fall 2019,0,GAVET 312
1248,1830,Fall 2019,30,GAVET 208
659,1831,Fall 2019,45,CSB 601
1273,1832,Fall 2019,20,NULL NULL
1269,1833,Fall 2019,20,WILMT 504
1255,1834,Fall 2019,40,WILMT 116
1269,1835,Fall 2019,40,GRGEN 109
1272,1836,Fall 2019,30,CSB 523
1533,1837,Fall 2019,20,GRGEN 417
1243,1838,Fall 2019,30,WILMT 116
-1,1839,Fall 2019,0,NULL NULL
-1,1840,Fall 2019,14,GRGEN 417
-1,1841,Fall 2019,0,NULL NULL
-1,1842,Fall 2019,0,NULL NULL
-1,1843,Fall 2019,0,NULL NULL
1234,1844,Fall 2019,20,GRGEN 509
1582,1845,Fall 2019,30,B&L 269
-1,1846,Fall 2019,0,NULL NULL
-1,1847,Fall 2019,0,NULL NULL
-1,1848,Fall 2019,0,NULL NULL
-1,1849,Fall 2019,0,NULL NULL
-1,1850,Fall 2019,0,NULL NULL
-1,1851,Fall 2019,0,NULL NULL
-1,1852,Fall 2019,0,GRGEN 101
-1,1853,Fall 2019,0,NULL NULL
-1,1854,Fall 2019,0,NULL NULL
-1,1855,Fall 2019,0,NULL NULL
-1,1856,Fall 2019,0,NULL NULL
-1,1857,Fall 2019,0,NULL NULL
-1,1858,Fall 2019,0,NULL NULL
-1,1859,Fall 2019,0,NULL NULL
-1,1860,Fall 2019,0,NULL NULL
-1,1861,Fall 2019,0,NULL NULL
-1,1862,Fall 2019,0,NULL NULL
-1,1863,Fall 2019,0,NULL NULL
-1,1864,Fall 2019,0,NULL NULL
-1,1865,Fall 2019,0,NULL NULL
-1,1866,Fall 2019,0,NULL NULL
-1,1867,Fall 2019,90,LATT 201
-1,1868,Fall 2019,0,HUTCH 141
-1,1869,Fall 2019,78,HARK 115
-1,1870,Fall 2019,15,MEL 206
-1,1871,Fall 2019,40,GRGEN 109
-1,1872,Fall 2019,0,NULL NULL
-1,1873,Fall 2019,0,NULL NULL
-1,1874,Fall 2019,0,NULL NULL
-1,1875,Fall 2019,0,NULL NULL
-1,1876,Fall 2019,0,NULL NULL
-1,1877,Fall 2019,0,LCHAS 124
-1,1878,Fall 2019,0,NULL NULL
-1,1879,Fall 2019,4,NULL NULL
-1,1880,Fall 2019,15,NULL NULL
-1,1881,Fall 2019,0,NULL NULL
-1,1882,Fall 2019,12,LCHAS 181
-1,1883,Fall 2019,0,NULL NULL
-1,1884,Fall 2019,75,GAVET 206
-1,1885,Fall 2019,75,MOREY 321
-1,1886,Fall 2019,70,MOREY 321
-1,1887,Fall 2019,50,GRGEN 108
-1,1888,Fall 2019,15,LCHAS 122
-1,1889,Fall 2019,80,HARK 115
-1,1890,Fall 2019,35,HYLAN 102
-1,1891,Fall 2019,0,LCHAS 104
-1,1892,Fall 2019,30,MOREY 502
-1,1893,Fall 2019,25,MEL 224
-1,1894,Fall 2019,25,MOREY 504
-1,1895,Fall 2019,48,MOREY 525
-1,1896,Fall 2019,48,MOREY 525
-1,1897,Fall 2019,55,GRGEN 108
-1,1898,Fall 2019,55,GRGEN 108
-1,1899,Fall 2019,0,MEL 205
-1,1900,Fall 2019,0,MEL 205
-1,1901,Fall 2019,25,LATT 531
-1,1902,Fall 2019,25,LATT 531
-1,1903,Fall 2019,40,GAVET 310
-1,1904,Fall 2019,40,GAVET 310
-1,1905,Fall 2019,20,LCHAS 181
-1,1906,Fall 2019,20,LCHAS 181
-1,1907,Fall 2019,20,LATT 531
-1,1908,Fall 2019,25,MEL 224
-1,1909,Fall 2019,0,NULL NULL
-1,1910,Fall 2019,0,NULL NULL
-1,1911,Fall 2019,0,NULL NULL
-1,1912,Fall 2019,0,NULL NULL
-1,1913,Fall 2019,0,NULL NULL
-1,1914,Fall 2019,25,MEL 224
-1,1915,Fall 2019,25,MOREY 504
-1,1916,Fall 2019,48,MOREY 525
-1,1917,Fall 2019,55,GRGEN 108
-1,1918,Fall 2019,0,MEL 205
-1,1919,Fall 2019,25,LATT 531
-1,1920,Fall 2019,40,GAVET 310
-1,1921,Fall 2019,20,LCHAS 181
-1,1922,Fall 2019,20,LATT 531
-1,1923,Fall 2019,0,NULL NULL
-1,1924,Fall 2019,0,NULL NULL
-1,1925,Fall 2019,0,NULL NULL
-1,1926,Fall 2019,25,LATT 531
-1,1927,Fall 2019,25,LATT 531
-1,1928,Fall 2019,0,LATT 531
-1,1929,Fall 2019,0,NULL NULL
-1,1930,Fall 2019,0,NULL NULL
-1,1931,Fall 2019,0,NULL NULL
-1,1932,Fall 2019,0,NULL NULL
-1,1933,Fall 2019,0,NULL NULL
-1,1934,Fall 2019,0,NULL NULL
-1,1935,Fall 2019,0,NULL NULL
-1,1936,Fall 2019,0,NULL NULL
-1,1937,Fall 2019,0,NULL NULL
-1,1938,Fall 2019,0,NULL NULL
-1,1939,Fall 2019,0,NULL NULL
-1,1940,Fall 2019,0,NULL NULL
-1,1941,Fall 2019,0,NULL NULL
-1,1942,Fall 2019,0,NULL NULL
-1,1943,Fall 2019,0,NULL NULL
-1,1944,Fall 2019,10,GEH NULL
-1,1945,Fall 2019,10,GEH NULL
-1,1946,Fall 2019,0,NULL NULL
-1,1947,Fall 2019,0,NULL NULL
-1,1948,Fall 2019,0,NULL NULL
-1,1949,Fall 2019,0,NULL NULL
-1,1950,Fall 2019,0,NULL NULL
-1,1951,Fall 2019,60,B&L 106
-1,1952,Fall 2019,218,HOYT AUD
-1,1953,Fall 2019,40,B&L 106
1675,1954,Fall 2019,225,HOYT AUD
1606,1955,Fall 2019,155,HOYT AUD
1733,1956,Fall 2019,60,HOYT AUD
-1,1957,Fall 2019,300,HOYT AUD
1532,1958,Fall 2019,20,NULL NULL
1532,1959,Fall 2019,20,NULL NULL
1532,1960,Fall 2019,20,NULL NULL
1717,1961,Fall 2019,48,GAVET 312
-1,1962,Fall 2019,0,B&L 106
1526,1963,Fall 2019,0,B&L 171
1602,1964,Fall 2019,0,B&L 480
1569,1965,Fall 2019,0,WEGMN 1009
881,1966,Fall 2019,0,HUTCH 140
-1,1967,Fall 2019,30,B&L 269
1235,1968,Fall 2019,48,GAVET 312
-1,1969,Fall 2019,0,NULL NULL
1675,1970,Fall 2019,0,GRGEN 108
-1,1971,Fall 2019,0,NULL NULL
-1,1972,Fall 2019,0,NULL NULL
-1,1973,Fall 2019,0,NULL NULL
1283,1974,Fall 2019,65,GRGEN 108
1522,1975,Fall 2019,0,B&L 269
1731,1976,Fall 2019,0,B&L 480
-1,1977,Fall 2019,0,B&L 269
1273,1978,Fall 2019,20,NULL NULL
1533,1979,Fall 2019,20,GRGEN 417
1569,1980,Fall 2019,0,WEGMN 1009
1554,1981,Fall 2019,0,LCHAS 121
1737,1982,Fall 2019,20,HYLAN 306
842,1983,Fall 2019,15,HYLAN 206
-1,1984,Fall 2019,15,LCHAS 161
659,1985,Fall 2019,45,CSB 601
-1,1986,Fall 2019,30,B&L 269
-1,1987,Fall 2019,0,NULL NULL
-1,1988,Fall 2019,0,NULL NULL
1708,1989,Fall 2019,25,B&L 315
948,1990,Fall 2019,0,B&L 407
1582,1991,Fall 2019,30,B&L 269
-1,1992,Fall 2019,0,NULL NULL
-1,1993,Fall 2019,0,NULL NULL
-1,1994,Fall 2019,0,NULL NULL
-1,1995,Fall 2019,0,NULL NULL
-1,1996,Fall 2019,0,NULL NULL
1675,1997,Fall 2019,0,GRGEN 108
-1,1998,Fall 2019,0,NULL NULL
-1,1999,Fall 2019,0,NULL NULL
-1,2000,Fall 2019,0,NULL NULL
-1,2001,Fall 2019,0,NULL NULL
-1,2002,Fall 2019,0,NULL NULL
-1,2003,Fall 2019,0,NULL NULL
-1,2004,Fall 2019,0,NULL NULL
-1,2005,Fall 2019,0,NULL NULL
-1,2006,Fall 2019,0,NULL NULL
-1,2007,Fall 2019,0,NULL NULL
-1,2008,Fall 2019,0,NULL NULL
-1,2009,Fall 2019,0,DOUG 404
-1,2010,Fall 2019,0,DOUG 404
-1,2011,Fall 2019,0,MEL 218
-1,2012,Fall 2019,0,NULL NULL
-1,2013,Fall 2019,0,NULL NULL
-1,2014,Fall 2019,10,DOUG 419
-1,2015,Fall 2019,0,LATT 201
-1,2016,Fall 2019,80,B&L 106
-1,2017,Fall 2019,50,HYLAN 201
-1,2018,Fall 2019,0,GAVET 310
-1,2019,Fall 2019,0,CSB 209
-1,2020,Fall 2019,50,GRGEN 109
-1,2021,Fall 2019,0,HARK 115
-1,2022,Fall 2019,15,HARK 329
-1,2023,Fall 2019,15,HARK 329
-1,2024,Fall 2019,55,HUTCH 473
255,2025,Fall 2019,20,LATT 441
-1,2026,Fall 2019,15,LCHAS 104
-1,2027,Fall 2019,15,HARK 329
-1,2028,Fall 2019,15,HARK 329
-1,2029,Fall 2019,40,GRGEN 109
-1,2030,Fall 2019,13,HARK 329
-1,2031,Fall 2019,7,HARK 329
-1,2032,Fall 2019,30,MOREY 525
-1,2033,Fall 2019,50,GRGEN 109
-1,2034,Fall 2019,50,GRGEN 109
-1,2035,Fall 2019,0,MEL 205
-1,2036,Fall 2019,5,MEL 205
-1,2037,Fall 2019,0,HARK 210
-1,2038,Fall 2019,5,HARK 210
-1,2039,Fall 2019,18,HARK 112
-1,2040,Fall 2019,18,HARK 112
-1,2041,Fall 2019,50,GAVET 206
-1,2042,Fall 2019,50,GAVET 206
-1,2043,Fall 2019,0,HYLAN 202
-1,2044,Fall 2019,18,HARK 329
-1,2045,Fall 2019,18,HARK 329
-1,2046,Fall 2019,35,B&L 269
-1,2047,Fall 2019,35,B&L 269
300,2048,Fall 2019,10,WEGMN 1005
-1,2049,Fall 2019,50,HYLAN 202
-1,2050,Fall 2019,45,DEWEY 2110E
-1,2051,Fall 2019,45,DEWEY 2110E
-1,2052,Fall 2019,15,GRGEN 110
-1,2053,Fall 2019,7,LCHAS 184
-1,2054,Fall 2019,0,NULL NULL
-1,2055,Fall 2019,0,NULL NULL
-1,2056,Fall 2019,0,NULL NULL
-1,2057,Fall 2019,0,NULL NULL
-1,2058,Fall 2019,0,NULL NULL
-1,2059,Fall 2019,0,NULL NULL
-1,2060,Fall 2019,0,NULL NULL
-1,2061,Fall 2019,0,NULL NULL
-1,2062,Fall 2019,0,HARK 329
-1,2063,Fall 2019,0,HARK 112
-1,2064,Fall 2019,0,NULL NULL
-1,2065,Fall 2019,0,NULL NULL
-1,2066,Fall 2019,0,HARK 329
-1,2067,Fall 2019,15,HARK 329
-1,2068,Fall 2019,0,HARK 329
-1,2069,Fall 2019,0,HARK 329
-1,2070,Fall 2019,0,HARK 329
-1,2071,Fall 2019,0,HARK 112
-1,2072,Fall 2019,0,HARK 112
-1,2073,Fall 2019,0,HARK 112
-1,2074,Fall 2019,0,NULL NULL
-1,2075,Fall 2019,0,NULL NULL
-1,2076,Fall 2019,0,NULL NULL
-1,2077,Fall 2019,0,NULL NULL
-1,2078,Fall 2019,0,NULL NULL
-1,2079,Fall 2019,0,NULL NULL
-1,2080,Fall 2019,0,NULL NULL
-1,2081,Fall 2019,0,NULL NULL
-1,2082,Fall 2019,0,NULL NULL
-1,2083,Fall 2019,0,NULL NULL
-1,2084,Fall 2019,0,NULL NULL
-1,2085,Fall 2019,0,NULL NULL
-1,2086,Fall 2019,0,NULL NULL
-1,2087,Fall 2019,0,NULL NULL
1215,2088,Fall 2019,300,HOYT AUD
1205,2089,Fall 2019,125,DEWEY 1101
770,2090,Fall 2019,0,HUTCH 141
836,2091,Fall 2019,0,HUTCH 141
824,2092,Fall 2019,0,DEWEY 1101
836,2093,Fall 2019,0,STRNG LOWER
1203,2094,Fall 2019,215,HUTCH 141
1203,2095,Fall 2019,15,NULL NULL
1215,2096,Fall 2019,150,HOYT AUD
1215,2097,Fall 2019,0,NULL NULL
820,2098,Fall 2019,20,MEL 269
1220,2099,Fall 2019,0,MEL 224
1220,2100,Fall 2019,15,NULL NULL
-1,2101,Fall 2019,125,MEL 203
1217,2102,Fall 2019,75,MEL 221
1217,2103,Fall 2019,0,NULL NULL
1205,2104,Fall 2019,120,MEL 203
1205,2105,Fall 2019,0,NULL NULL
-1,2106,Fall 2019,15,LCHAS 122
1226,2107,Fall 2019,55,MEL 221
1226,2108,Fall 2019,0,NULL NULL
-1,2109,Fall 2019,125,MOREY 321
-1,2110,Fall 2019,0,NULL NULL
1215,2111,Fall 2019,15,MEL 352
1215,2112,Fall 2019,6,NULL NULL
1206,2113,Fall 2019,12,MEL 366
1203,2114,Fall 2019,0,NULL NULL
1220,2115,Fall 2019,10,NULL NULL
1198,2116,Fall 2019,15,NULL NULL
1198,2117,Fall 2019,5,NULL NULL
-1,2118,Fall 2019,8,NULL NULL
1215,2119,Fall 2019,15,NULL NULL
1226,2120,Fall 2019,0,NULL NULL
1210,2121,Fall 2019,20,NULL NULL
1204,2122,Fall 2019,35,NULL NULL
1204,2123,Fall 2019,35,NULL NULL
1200,2124,Fall 2019,0,NULL NULL
1225,2125,Fall 2019,15,MEL 366
1198,2126,Fall 2019,15,NULL NULL
-1,2127,Fall 2019,0,NULL NULL
-1,2128,Fall 2019,0,NULL NULL
-1,2129,Fall 2019,0,NULL NULL
-1,2130,Fall 2019,0,NULL NULL
-1,2131,Fall 2019,0,NULL NULL
-1,2132,Fall 2019,0,NULL NULL
-1,2133,Fall 2019,0,DEWEY 2110E
-1,2134,Fall 2019,20,LCHAS 163
-1,2135,Fall 2019,40,GRGEN 109
-1,2136,Fall 2019,35,MOREY 205
-1,2137,Fall 2019,35,HYLAN 102
347,2138,Fall 2019,0,LCHAS 163
-1,2139,Fall 2019,35,B&L 270
-1,2140,Fall 2019,20,RRLIB 428
-1,2141,Fall 2019,12,RRLIB 428D
-1,2142,Fall 2019,16,RRLIB 442
-1,2143,Fall 2019,20,MEL 209
-1,2144,Fall 2019,25,CHAPL 200
-1,2145,Fall 2019,0,GAVET 310
-1,2146,Fall 2019,0,RRLIB 442
-1,2147,Fall 2019,20,RRLIB 442
-1,2148,Fall 2019,25,LCHAS 104
-1,2149,Fall 2019,16,LCHAS 148
255,2150,Fall 2019,20,LATT 441
-1,2151,Fall 2019,20,LCHAS 161
-1,2152,Fall 2019,20,LCHAS 104
-1,2153,Fall 2019,0,GAVET 310
-1,2154,Fall 2019,18,RRLIB 442
-1,2155,Fall 2019,0,NULL NULL
-1,2156,Fall 2019,0,NULL NULL
-1,2157,Fall 2019,0,NULL NULL
-1,2158,Fall 2019,0,NULL NULL
-1,2159,Fall 2019,0,NULL NULL
985,2160,Fall 2019,15,LATT 401
985,2161,Fall 2019,6,LATT 401
-1,2162,Fall 2019,15,LCHAS 182
985,2163,Fall 2019,19,LATT 401
-1,2164,Fall 2019,0,LCHAS 143
-1,2165,Fall 2019,0,LATT 431
967,2166,Fall 2019,0,DEWEY 2110E
967,2167,Fall 2019,10,DOUG 404
985,2168,Fall 2019,15,LATT 401
985,2169,Fall 2019,6,LATT 401
970,2170,Fall 2019,19,LATT 401
970,2171,Fall 2019,0,LATT 401
-1,2172,Fall 2019,15,LATT 431
-1,2173,Fall 2019,19,LATT 401
-1,2174,Fall 2019,0,LCHAS 143
-1,2175,Fall 2019,0,LATT 431
-1,2176,Fall 2019,20,RETT 201
-1,2177,Fall 2019,4,SAGE BLDG
401,2178,Fall 2019,4,SAGE BLDG
401,2179,Fall 2019,4,SAGE BLDG
414,2180,Fall 2019,4,SAGE BLDG
424,2181,Fall 2019,4,SAGE BLDG
401,2182,Fall 2019,3,SAGE BLDG
-1,2183,Fall 2019,3,SAGE BLDG
401,2184,Fall 2019,3,SAGE BLDG
400,2185,Fall 2019,4,SAGE BLDG
401,2186,Fall 2019,15,SAGE BLDG
-1,2187,Fall 2019,4,SAGE BLDG
404,2188,Fall 2019,15,MOREY 524
424,2189,Fall 2019,0,SAGE BLDG
424,2190,Fall 2019,0,SAGE BLDG
424,2191,Fall 2019,0,SAGE BLDG
414,2192,Fall 2019,12,SAGE BLDG
414,2193,Fall 2019,12,SAGE BLDG
414,2194,Fall 2019,12,SAGE BLDG
-1,2195,Fall 2019,15,SAGE BLDG
-1,2196,Fall 2019,15,SAGE BLDG
-1,2197,Fall 2019,15,SAGE BLDG
399,2198,Fall 2019,15,SAGE BLDG
399,2199,Fall 2019,15,SAGE BLDG
399,2200,Fall 2019,15,SAGE BLDG
-1,2201,Fall 2019,0,SAGE BLDG
-1,2202,Fall 2019,0,SAGE BLDG
-1,2203,Fall 2019,0,SAGE BLDG
-1,2204,Fall 2019,0,NULL NULL
-1,2205,Fall 2019,0,NULL NULL
-1,2206,Fall 2019,0,NULL NULL
399,2207,Fall 2019,15,SAGE BLDG
-1,2208,Fall 2019,0,NULL NULL
-1,2209,Fall 2019,0,NULL NULL
-1,2210,Fall 2019,0,NULL NULL
-1,2211,Fall 2019,0,NULL NULL
-1,2212,Fall 2019,0,NULL NULL
-1,2213,Fall 2019,0,NULL NULL
-1,2214,Fall 2019,0,NULL NULL
-1,2215,Fall 2019,0,NULL NULL
-1,2216,Fall 2019,0,NULL NULL
-1,2217,Fall 2019,0,NULL NULL
-1,2218,Fall 2019,0,NULL NULL
-1,2219,Fall 2019,12,NULL NULL
-1,2220,Fall 2019,12,NULL NULL
-1,2221,Fall 2019,20,MOREY 205
-1,2222,Fall 2019,0,MEL 219
1538,2223,Fall 2019,12,LCHAS 143
1538,2224,Fall 2019,12,LATT 413
1538,2225,Fall 2019,12,LCHAS 121
981,2226,Fall 2019,12,LCHAS 121
-1,2227,Fall 2019,10,MEL 206
-1,2228,Fall 2019,10,LATT 431
-1,2229,Fall 2019,10,LATT 431
981,2230,Fall 2019,10,LATT 413
981,2231,Fall 2019,10,LCHAS 160
-1,2232,Fall 2019,10,DOUG 420
957,2233,Fall 2019,10,LATT 431
1001,2234,Fall 2019,10,LCHAS 181
981,2235,Fall 2019,10,LCHAS 181
1001,2236,Fall 2019,18,LATT 401
995,2237,Fall 2019,18,DOUG 403
957,2238,Fall 2019,18,LATT 401
-1,2239,Fall 2019,18,LCHAS 121
-1,2240,Fall 2019,16,LCHAS 182
-1,2241,Fall 2019,0,NULL NULL
-1,2242,Fall 2019,0,NULL NULL
-1,2243,Fall 2019,0,NULL NULL
995,2244,Fall 2019,18,DOUG 403
-1,2245,Fall 2019,0,NULL NULL
-1,2246,Fall 2019,0,NULL NULL
-1,2247,Fall 2019,0,NULL NULL
-1,2248,Fall 2019,0,NULL NULL
-1,2249,Fall 2019,0,NULL NULL
-1,2250,Fall 2019,66,GRGEN 108
-1,2251,Fall 2019,60,GAVET 206
-1,2252,Fall 2019,45,GRGEN 108
748,2253,Fall 2019,80,B&L 106
710,2254,Fall 2019,110,MEL 203
723,2255,Fall 2019,110,STRNG LOWER
723,2256,Fall 2019,120,HOYT AUD
748,2257,Fall 2019,40,HYLAN 201
700,2258,Fall 2019,30,LCHAS 141
710,2259,Fall 2019,30,HUTCH 138
-1,2260,Fall 2019,40,HYLAN 102
700,2261,Fall 2019,125,WEGMN 1400
713,2262,Fall 2019,22,GAVET 244
-1,2263,Fall 2019,0,NULL NULL
-1,2264,Fall 2019,0,NULL NULL
-1,2265,Fall 2019,0,NULL NULL
-1,2266,Fall 2019,0,NULL NULL
713,2267,Fall 2019,22,GAVET 244
-1,2268,Fall 2019,0,NULL NULL
-1,2269,Fall 2019,0,NULL NULL
-1,2270,Fall 2019,0,NULL NULL
-1,2271,Fall 2019,0,NULL NULL
-1,2272,Fall 2019,0,NULL NULL
1487,2273,Fall 2019,48,GAVET 310
-1,2274,Fall 2019,90,LATT 201
-1,2275,Fall 2019,0,HUTCH 141
-1,2276,Fall 2019,70,MOREY 321
946,2277,Fall 2019,75,MOREY 321
1491,2278,Fall 2019,35,HYLAN 201
1482,2279,Fall 2019,35,HYLAN 101
-1,2280,Fall 2019,48,MOREY 525
-1,2281,Fall 2019,55,GRGEN 108
-1,2282,Fall 2019,80,HARK 115
-1,2283,Fall 2019,15,LCHAS 161
-1,2284,Fall 2019,15,LCHAS 143
-1,2285,Fall 2019,30,MOREY 525
1505,2286,Fall 2019,20,HYLAN 306
-1,2287,Fall 2019,45,GAVET 312
690,2288,Fall 2019,30,GAVET 310
1483,2289,Fall 2019,25,LATT 210
1483,2290,Fall 2019,25,LATT 210
-1,2291,Fall 2019,15,LCHAS 182
-1,2292,Fall 2019,0,NULL NULL
956,2293,Fall 2019,35,B&L 270
-1,2294,Fall 2019,0,NULL NULL
-1,2295,Fall 2019,0,NULL NULL
-1,2296,Fall 2019,0,NULL NULL
-1,2297,Fall 2019,0,NULL NULL
-1,2298,Fall 2019,125,DEWEY 1101
1400,2299,Fall 2019,10,GRGEN 101
-1,2300,Fall 2019,75,MEL 203
1422,2301,Fall 2019,30,HYLAN 102
1347,2302,Fall 2019,43,GAVET 312
1406,2303,Fall 2019,155,WEGMN 1400
1332,2304,Fall 2019,40,HYLAN 101
1423,2305,Fall 2019,120,WEGMN 1400
1328,2306,Fall 2019,36,LCHAS 141
-1,2307,Fall 2019,40,DEWEY 2110D
1481,2308,Fall 2019,1,HARK 115
-1,2309,Fall 2019,5,HYLAN 202
-1,2310,Fall 2019,25,B&L 269
1434,2311,Fall 2019,5,WEGMN 1400
613,2312,Fall 2019,40,HYLAN 101
601,2313,Fall 2019,25,HYLAN 203
684,2314,Fall 2019,30,HYLAN 102
770,2315,Fall 2019,30,MOREY 205
659,2316,Fall 2019,45,CSB 601
-1,2317,Fall 2019,30,B&L 269
677,2318,Fall 2019,80,GRGEN 101
607,2319,Fall 2019,45,GAVET 310
934,2320,Fall 2019,40,GAVET 310
-1,2321,Fall 2019,0,HYLAN 102
-1,2322,Fall 2019,35,B&L 270
-1,2323,Fall 2019,45,GAVET 312
690,2324,Fall 2019,30,GAVET 310
952,2325,Fall 2019,30,HYLAN 105
-1,2326,Fall 2019,35,MEL 205
1140,2327,Fall 2019,13,WEGMN 1005
1367,2328,Fall 2019,28,CSB 523
-1,2329,Fall 2019,48,GAVET 312
1272,2330,Fall 2019,30,CSB 523
-1,2331,Fall 2019,65,GAVET 206
1426,2332,Fall 2019,28,CSB 523
-1,2333,Fall 2019,28,CSB 523
-1,2334,Fall 2019,0,GAVET 206
659,2335,Fall 2019,45,CSB 601
-1,2336,Fall 2019,28,CSB 523
-1,2337,Fall 2019,0,CSB 601
-1,2338,Fall 2019,0,CSB 628
-1,2339,Fall 2019,50,SCHGL 103
-1,2340,Fall 2019,50,SCHGL 207
-1,2341,Fall 2019,50,SCHGL 103
-1,2342,Fall 2019,0,NULL NULL
-1,2343,Fall 2019,0,NULL NULL
-1,2344,Fall 2019,0,NULL NULL
-1,2345,Fall 2019,0,NULL NULL
1295,2346,Fall 2019,40,WILMT 116
1241,2347,Fall 2019,40,WILMT 116
1298,2348,Fall 2019,16,GRGEN 108
1715,2349,Fall 2019,0,GAVET 312
-1,2350,Fall 2019,0,HYLAN 102
1269,2351,Fall 2019,40,GRGEN 109
1533,2352,Fall 2019,20,GRGEN 417
1737,2353,Fall 2019,20,HYLAN 306
842,2354,Fall 2019,15,HYLAN 206
844,2355,Fall 2019,24,HYLAN 105
-1,2356,Fall 2019,15,LCHAS 161
853,2357,Fall 2019,30,MOREY 501
-1,2358,Fall 2019,50,GAVET 244
-1,2359,Fall 2019,10,LCHAS 124
-1,2360,Fall 2019,10,GRGEN 102
-1,2361,Fall 2019,10,WEGMN 1005
-1,2362,Fall 2019,10,RRLIB 209
-1,2363,Fall 2019,10,LCHAS 184
-1,2364,Fall 2019,10,HYLAN 307
-1,2365,Fall 2019,3,LATT 431
-1,2366,Fall 2019,3,MEL 209
-1,2367,Fall 2019,3,LCHAS 143
-1,2368,Fall 2019,3,LCHAS 121
-1,2369,Fall 2019,3,MOREY 502
-1,2370,Fall 2019,3,B&L 315
303,2371,Fall 2019,3,GRGEN 110
959,2372,Fall 2019,3,DEWEY 4162
-1,2373,Fall 2019,3,LCHAS 143
-1,2374,Fall 2019,3,HYLAN 305
356,2375,Fall 2019,0,MEL 218
-1,2376,Fall 2019,3,HYLAN 203
-1,2377,Fall 2019,3,LCHAS 143
335,2378,Fall 2019,0,GRGEN 110
368,2379,Fall 2019,3,MEL 219
-1,2380,Fall 2019,3,LATT 413
321,2381,Fall 2019,0,LCHAS 104
-1,2382,Fall 2019,3,LCHAS 148
274,2383,Fall 2019,3,HYLAN 306
314,2384,Fall 2019,3,RRLIB G108
-1,2385,Fall 2019,3,DEWEY 4162
348,2386,Fall 2019,3,RRLIB 304E
351,2387,Fall 2019,0,RRLIB 304E
-1,2388,Fall 2019,3,LCHAS 121
-1,2389,Fall 2019,3,MEL 209
279,2390,Fall 2019,3,TODD 202
-1,2391,Fall 2019,3,MEL 210
339,2392,Fall 2019,3,LCHAS 122
370,2393,Fall 2019,3,LATT 431
-1,2394,Fall 2019,3,DEWEY 4162
531,2395,Fall 2019,3,HYLAN 303
278,2396,Fall 2019,0,HYLAN 303
269,2397,Fall 2019,0,RRLIB G108
319,2398,Fall 2019,0,RRLIB G108
-1,2399,Fall 2019,0,HYLAN 206
-1,2400,Fall 2019,3,LCHAS 143
366,2401,Fall 2019,3,LATT 431
-1,2402,Fall 2019,3,WEGMN 1005
-1,2403,Fall 2019,3,RRLIB 304E
-1,2404,Fall 2019,3,RRLIB 304E
1447,2405,Fall 2019,3,HYLAN 307
-1,2406,Fall 2019,3,HYLAN 303
-1,2407,Fall 2019,3,HYLAN 307
-1,2408,Fall 2019,3,WEGMN 1005
-1,2409,Fall 2019,3,LCHAS 184
275,2410,Fall 2019,3,LATT 413
-1,2411,Fall 2019,3,HYLAN 303
-1,2412,Fall 2019,3,MEL 218
315,2413,Fall 2019,3,WEGMN 1005
-1,2414,Fall 2019,3,WEGMN 1009
366,2415,Fall 2019,3,LCHAS 184
-1,2416,Fall 2019,3,RRLIB G108
-1,2417,Fall 2019,3,RRLIB G108
369,2418,Fall 2019,3,HYLAN 303
1447,2419,Fall 2019,3,HYLAN 307
1447,2420,Fall 2019,3,HYLAN 307
-1,2421,Fall 2019,3,RRLIB G108
-1,2422,Fall 2019,3,LCHAS 184
-1,2423,Fall 2019,3,RRLIB 304E
366,2424,Fall 2019,3,HYLAN 307
-1,2425,Fall 2019,3,RRLIB G108
-1,2426,Fall 2019,3,RRLIB 304E
-1,2427,Fall 2019,3,RRLIB 304E
-1,2428,Fall 2019,3,GEN 321
-1,2429,Fall 2019,0,HYLAN 307
-1,2430,Fall 2019,0,DOUG 308
-1,2431,Fall 2019,15,RRLIB G121A
-1,2432,Fall 2019,15,RRLIB G108
-1,2433,Fall 2019,15,HYLAN 303
-1,2434,Fall 2019,15,LCHAS 161
-1,2435,Fall 2019,15,LCHAS 122
-1,2436,Fall 2019,15,MEL 219
-1,2437,Fall 2019,15,DEWEY 4162
-1,2438,Fall 2019,15,DEWEY 4162
-1,2439,Fall 2019,0,LCHAS 122
-1,2440,Fall 2019,15,LCHAS 181
-1,2441,Fall 2019,15,DEWEY 4162
-1,2442,Fall 2019,15,MEL 224
-1,2443,Fall 2019,15,MEL 219
-1,2444,Fall 2019,15,MEL 209
366,2445,Fall 2019,15,DEWEY 4162
-1,2446,Fall 2019,15,DEWEY 4162
-1,2447,Fall 2019,15,DEWEY 4162
-1,2448,Fall 2019,15,DEWEY 4162
-1,2449,Fall 2019,15,DEWEY 4162
-1,2450,Fall 2019,15,DEWEY 4162
-1,2451,Fall 2019,15,LCHAS 181
-1,2452,Fall 2019,15,LCHAS 122
-1,2453,Fall 2019,15,DEWEY 4162
-1,2454,Fall 2019,15,LCHAS 104
-1,2455,Fall 2019,15,MEL 209
-1,2456,Fall 2019,15,LATT 413
-1,2457,Fall 2019,0,NULL NULL
